IdReservation;IdCustomer;IdCompany;IdOrder;IdReservationStatus;Amount;BeginDate;EndDate
1;1;NULL;1;0;2;2022-02-26 14:04:00;2022-02-26 15:04:00
2;2;NULL;2;0;5;2021-10-28 13:29:00;2021-10-28 16:29:00
3;3;NULL;3;0;5;2021-06-10 14:07:00;2021-06-10 16:07:00
4;4;NULL;4;0;5;2021-03-21 17:27:00;2021-03-21 18:27:00
5;5;NULL;5;0;2;2022-03-09 15:19:00;2022-03-09 16:19:00
6;6;NULL;6;0;2;2022-12-01 15:06:00;2022-12-01 18:06:00
7;7;NULL;7;1;4;2022-04-18 19:18:00;2022-04-18 20:18:00
8;8;NULL;8;1;2;2021-09-01 16:37:00;2021-09-01 18:37:00
9;9;NULL;9;0;2;2021-04-15 12:00:00;2021-04-15 14:00:00
10;10;NULL;10;1;3;2022-11-15 21:04:00;2022-11-16 00:04:00
11;11;NULL;11;1;4;2022-07-21 16:14:00;2022-07-21 19:14:00
12;12;NULL;12;2;3;2022-04-19 21:03:00;2022-04-20 00:03:00
13;13;NULL;13;0;3;2022-03-24 18:47:00;2022-03-24 21:47:00
14;14;NULL;14;1;3;2022-08-06 20:50:00;2022-08-06 23:50:00
15;15;NULL;15;0;3;2021-06-24 10:30:00;2021-06-24 12:30:00
16;16;NULL;16;2;3;2022-02-20 12:07:00;2022-02-20 14:07:00
17;17;NULL;17;0;3;2021-12-26 10:54:00;2021-12-26 12:54:00
18;18;NULL;18;1;4;2021-10-03 20:29:00;2021-10-03 22:29:00
19;19;NULL;19;2;4;2022-04-28 15:47:00;2022-04-28 16:47:00
20;20;NULL;20;0;5;2021-09-14 18:51:00;2021-09-14 21:51:00
21;21;NULL;21;1;5;2021-03-22 15:02:00;2021-03-22 17:02:00
22;22;NULL;22;2;2;2021-05-09 19:06:00;2021-05-09 20:06:00
23;23;NULL;23;1;3;2021-02-06 21:21:00;2021-02-06 22:21:00
24;24;NULL;24;1;5;2021-09-06 13:06:00;2021-09-06 16:06:00
25;25;NULL;25;0;3;2022-05-22 14:21:00;2022-05-22 17:21:00
26;26;NULL;26;0;2;2022-09-24 13:56:00;2022-09-24 16:56:00
27;27;NULL;27;0;2;2021-01-16 16:03:00;2021-01-16 18:03:00
28;28;NULL;28;2;4;2021-01-13 14:08:00;2021-01-13 15:08:00
29;29;NULL;29;2;3;2021-04-27 16:04:00;2021-04-27 19:04:00
30;30;NULL;30;2;2;2022-02-03 19:22:00;2022-02-03 21:22:00
31;31;NULL;31;2;4;2021-04-10 17:10:00;2021-04-10 19:10:00
32;32;NULL;32;1;5;2022-03-05 21:26:00;2022-03-05 23:26:00
33;33;NULL;33;1;5;2021-02-03 14:41:00;2021-02-03 15:41:00
34;34;NULL;34;2;2;2022-08-17 14:40:00;2022-08-17 16:40:00
35;35;NULL;35;1;3;2021-02-14 14:42:00;2021-02-14 16:42:00
36;36;NULL;36;1;4;2022-09-07 15:38:00;2022-09-07 17:38:00
37;37;NULL;37;1;3;2022-01-04 10:13:00;2022-01-04 11:13:00
38;38;NULL;38;1;2;2022-08-09 21:59:00;2022-08-09 23:59:00
39;39;NULL;39;1;2;2021-02-05 14:52:00;2021-02-05 16:52:00
40;40;NULL;40;0;2;2021-08-24 21:22:00;2021-08-24 22:22:00
41;41;NULL;41;0;2;2022-02-07 20:54:00;2022-02-07 22:54:00
42;42;NULL;42;1;5;2021-03-17 16:28:00;2021-03-17 18:28:00
43;43;NULL;43;2;2;2021-12-13 18:24:00;2021-12-13 21:24:00
44;44;NULL;44;2;2;2022-09-27 11:58:00;2022-09-27 13:58:00
45;45;NULL;45;1;4;2022-11-14 13:44:00;2022-11-14 16:44:00
46;46;NULL;46;2;3;2021-01-14 15:56:00;2021-01-14 16:56:00
47;47;NULL;47;2;3;2021-06-09 18:59:00;2021-06-09 20:59:00
48;48;NULL;48;2;2;2021-04-13 13:00:00;2021-04-13 14:00:00
49;49;NULL;49;2;5;2021-07-05 21:31:00;2021-07-06 00:31:00
50;50;NULL;50;1;2;2021-06-03 21:18:00;2021-06-03 22:18:00
51;51;NULL;51;1;3;2021-02-20 16:32:00;2021-02-20 17:32:00
52;52;NULL;52;1;4;2021-03-18 21:10:00;2021-03-18 22:10:00
53;53;NULL;53;1;5;2022-03-19 16:10:00;2022-03-19 18:10:00
54;54;NULL;54;1;2;2022-02-07 15:45:00;2022-02-07 18:45:00
55;55;NULL;55;1;4;2021-09-16 17:22:00;2021-09-16 19:22:00
56;56;NULL;56;1;3;2022-11-15 20:05:00;2022-11-15 21:05:00
57;57;NULL;57;2;2;2021-05-05 13:08:00;2021-05-05 15:08:00
58;58;NULL;58;1;5;2022-10-26 11:23:00;2022-10-26 13:23:00
59;59;NULL;59;2;4;2021-07-11 17:41:00;2021-07-11 18:41:00
60;60;NULL;60;1;2;2022-04-26 10:10:00;2022-04-26 13:10:00
61;61;NULL;61;2;3;2021-11-17 21:40:00;2021-11-17 23:40:00
62;62;NULL;62;0;2;2021-05-20 13:44:00;2021-05-20 14:44:00
63;63;NULL;63;0;3;2021-07-23 17:23:00;2021-07-23 18:23:00
64;64;NULL;64;2;5;2022-04-03 17:54:00;2022-04-03 18:54:00
65;65;NULL;65;2;2;2021-08-14 11:21:00;2021-08-14 13:21:00
66;66;NULL;66;1;5;2021-03-24 14:42:00;2021-03-24 16:42:00
67;67;NULL;67;1;4;2022-12-09 20:46:00;2022-12-09 21:46:00
68;68;NULL;68;1;4;2021-05-24 18:12:00;2021-05-24 20:12:00
69;69;NULL;69;2;4;2021-01-13 16:54:00;2021-01-13 19:54:00
70;70;NULL;70;1;2;2021-06-26 15:39:00;2021-06-26 18:39:00
71;71;NULL;71;2;3;2022-12-01 10:32:00;2022-12-01 13:32:00
72;72;NULL;72;1;5;2022-09-28 21:35:00;2022-09-28 23:35:00
73;73;NULL;73;1;4;2021-01-19 15:04:00;2021-01-19 18:04:00
74;74;NULL;74;2;5;2021-12-10 12:49:00;2021-12-10 14:49:00
75;75;NULL;75;0;4;2022-06-22 19:02:00;2022-06-22 22:02:00
76;76;NULL;76;2;2;2022-05-08 14:43:00;2022-05-08 16:43:00
77;77;NULL;77;1;5;2022-07-19 13:24:00;2022-07-19 14:24:00
78;78;NULL;78;1;5;2021-07-21 19:11:00;2021-07-21 21:11:00
79;79;NULL;79;0;2;2021-07-26 12:43:00;2021-07-26 13:43:00
80;80;NULL;80;1;2;2022-07-21 13:43:00;2022-07-21 16:43:00
81;81;NULL;81;2;5;2021-05-05 19:27:00;2021-05-05 22:27:00
82;82;NULL;82;0;3;2021-05-18 10:25:00;2021-05-18 12:25:00
83;83;NULL;83;1;5;2021-06-10 12:49:00;2021-06-10 14:49:00
84;84;NULL;84;1;3;2022-11-28 21:48:00;2022-11-29 00:48:00
85;85;NULL;85;1;2;2021-11-11 11:05:00;2021-11-11 13:05:00
86;86;NULL;86;1;4;2022-06-06 18:28:00;2022-06-06 21:28:00
87;87;NULL;87;1;4;2022-03-20 15:11:00;2022-03-20 16:11:00
88;88;NULL;88;2;5;2022-07-23 17:26:00;2022-07-23 18:26:00
89;89;NULL;89;2;3;2021-08-13 12:10:00;2021-08-13 13:10:00
90;90;NULL;90;0;5;2021-06-19 18:44:00;2021-06-19 20:44:00
91;91;NULL;91;1;2;2022-06-03 14:11:00;2022-06-03 17:11:00
92;92;NULL;92;1;4;2022-10-20 18:25:00;2022-10-20 21:25:00
93;93;NULL;93;0;2;2021-06-16 17:04:00;2021-06-16 18:04:00
94;94;NULL;94;1;5;2022-08-16 11:10:00;2022-08-16 12:10:00
95;95;NULL;95;0;2;2021-08-10 18:24:00;2021-08-10 20:24:00
96;96;NULL;96;2;4;2021-12-11 19:56:00;2021-12-11 20:56:00
97;97;NULL;97;0;2;2021-06-14 15:36:00;2021-06-14 16:36:00
98;98;NULL;98;2;2;2022-11-23 21:43:00;2022-11-24 00:43:00
99;99;NULL;99;0;3;2022-04-23 16:01:00;2022-04-23 19:01:00
100;100;NULL;100;1;2;2021-10-10 11:49:00;2021-10-10 14:49:00
101;1;NULL;101;2;5;2022-05-20 20:10:00;2022-05-20 21:10:00
102;2;NULL;102;1;3;2021-10-03 15:24:00;2021-10-03 18:24:00
103;3;NULL;103;0;2;2022-03-28 16:40:00;2022-03-28 18:40:00
104;4;NULL;104;2;3;2021-01-21 10:13:00;2021-01-21 12:13:00
105;5;NULL;105;2;3;2021-01-06 17:10:00;2021-01-06 20:10:00
106;6;NULL;106;0;2;2021-10-15 19:51:00;2021-10-15 22:51:00
107;7;NULL;107;2;4;2021-05-24 11:00:00;2021-05-24 12:00:00
108;8;NULL;108;2;3;2022-07-07 14:25:00;2022-07-07 16:25:00
109;9;NULL;109;1;2;2021-06-25 19:59:00;2021-06-25 22:59:00
110;10;NULL;110;0;2;2021-02-11 12:07:00;2021-02-11 13:07:00
111;11;NULL;111;2;5;2022-03-13 11:30:00;2022-03-13 14:30:00
112;12;NULL;112;0;5;2022-02-08 11:45:00;2022-02-08 12:45:00
113;13;NULL;113;0;5;2022-05-14 18:44:00;2022-05-14 21:44:00
114;14;NULL;114;2;4;2021-05-18 13:45:00;2021-05-18 14:45:00
115;15;NULL;115;2;3;2022-06-24 21:53:00;2022-06-25 00:53:00
116;16;NULL;116;2;4;2022-08-07 17:27:00;2022-08-07 18:27:00
117;17;NULL;117;2;5;2021-12-22 13:26:00;2021-12-22 15:26:00
118;18;NULL;118;1;2;2021-12-17 15:09:00;2021-12-17 16:09:00
119;19;NULL;119;2;2;2021-03-10 18:26:00;2021-03-10 21:26:00
120;20;NULL;120;0;5;2021-06-06 19:57:00;2021-06-06 22:57:00
121;21;NULL;121;2;3;2022-03-01 10:44:00;2022-03-01 13:44:00
122;22;NULL;122;0;4;2021-05-24 12:55:00;2021-05-24 14:55:00
123;23;NULL;123;0;5;2022-12-24 20:06:00;2022-12-24 21:06:00
124;24;NULL;124;1;4;2021-03-07 17:10:00;2021-03-07 18:10:00
125;25;NULL;125;0;5;2022-11-15 18:56:00;2022-11-15 19:56:00
126;26;NULL;126;1;5;2021-04-13 14:22:00;2021-04-13 15:22:00
127;27;NULL;127;0;2;2021-04-10 11:42:00;2021-04-10 14:42:00
128;28;NULL;128;2;3;2021-01-12 11:30:00;2021-01-12 14:30:00
129;29;NULL;129;2;3;2021-05-12 21:33:00;2021-05-12 23:33:00
130;30;NULL;130;2;4;2021-01-08 13:47:00;2021-01-08 16:47:00
131;31;NULL;131;0;5;2021-06-01 16:30:00;2021-06-01 17:30:00
132;32;NULL;132;2;5;2022-12-15 17:25:00;2022-12-15 19:25:00
133;33;NULL;133;1;4;2021-04-15 12:25:00;2021-04-15 15:25:00
134;34;NULL;134;1;4;2021-10-08 20:02:00;2021-10-08 23:02:00
135;35;NULL;135;0;2;2021-07-21 11:07:00;2021-07-21 12:07:00
136;36;NULL;136;1;2;2022-12-14 11:55:00;2022-12-14 12:55:00
137;37;NULL;137;1;4;2022-05-19 15:06:00;2022-05-19 16:06:00
138;38;NULL;138;1;2;2022-12-18 19:07:00;2022-12-18 21:07:00
139;39;NULL;139;0;2;2022-11-17 12:43:00;2022-11-17 15:43:00
140;40;NULL;140;2;2;2022-08-17 18:31:00;2022-08-17 19:31:00
141;41;NULL;141;2;5;2021-01-11 14:37:00;2021-01-11 16:37:00
142;42;NULL;142;2;4;2021-04-15 15:17:00;2021-04-15 17:17:00
143;43;NULL;143;0;4;2021-01-11 10:19:00;2021-01-11 12:19:00
144;44;NULL;144;2;2;2022-05-10 17:54:00;2022-05-10 19:54:00
145;45;NULL;145;1;2;2021-11-10 15:11:00;2021-11-10 16:11:00
146;46;NULL;146;1;4;2021-08-09 11:45:00;2021-08-09 14:45:00
147;47;NULL;147;1;4;2021-02-18 15:46:00;2021-02-18 16:46:00
148;48;NULL;148;1;2;2022-10-27 15:22:00;2022-10-27 17:22:00
149;49;NULL;149;0;4;2022-11-08 12:39:00;2022-11-08 15:39:00
150;50;NULL;150;1;2;2022-10-08 18:29:00;2022-10-08 19:29:00
151;51;NULL;151;0;4;2021-08-24 14:22:00;2021-08-24 15:22:00
152;52;NULL;152;1;4;2021-04-17 17:59:00;2021-04-17 20:59:00
153;53;NULL;153;2;3;2022-06-26 11:54:00;2022-06-26 13:54:00
154;54;NULL;154;0;5;2022-06-24 10:45:00;2022-06-24 11:45:00
155;55;NULL;155;2;3;2021-06-19 12:01:00;2021-06-19 13:01:00
156;56;NULL;156;1;3;2022-03-05 12:35:00;2022-03-05 14:35:00
157;57;NULL;157;0;4;2022-03-20 11:04:00;2022-03-20 13:04:00
158;58;NULL;158;1;4;2021-07-08 11:10:00;2021-07-08 14:10:00
159;59;NULL;159;2;2;2022-10-28 20:47:00;2022-10-28 21:47:00
160;60;NULL;160;2;4;2021-08-05 19:03:00;2021-08-05 21:03:00
161;61;NULL;161;2;2;2021-10-23 18:54:00;2021-10-23 21:54:00
162;62;NULL;162;2;5;2021-08-19 15:47:00;2021-08-19 17:47:00
163;63;NULL;163;0;2;2022-01-26 18:16:00;2022-01-26 19:16:00
164;64;NULL;164;2;5;2022-03-02 20:53:00;2022-03-02 23:53:00
165;65;NULL;165;2;5;2022-05-19 10:06:00;2022-05-19 13:06:00
166;66;NULL;166;2;4;2022-08-02 21:11:00;2022-08-02 22:11:00
167;67;NULL;167;2;2;2022-01-11 19:13:00;2022-01-11 21:13:00
168;68;NULL;168;2;4;2021-03-22 20:51:00;2021-03-22 22:51:00
169;69;NULL;169;0;5;2021-09-26 14:21:00;2021-09-26 15:21:00
170;70;NULL;170;1;3;2021-08-17 20:10:00;2021-08-17 22:10:00
171;71;NULL;171;0;2;2021-02-09 18:21:00;2021-02-09 19:21:00
172;72;NULL;172;0;5;2021-04-04 12:02:00;2021-04-04 14:02:00
173;73;NULL;173;2;4;2021-02-01 20:10:00;2021-02-01 23:10:00
174;74;NULL;174;1;3;2022-08-19 10:52:00;2022-08-19 13:52:00
175;75;NULL;175;1;4;2022-02-24 12:40:00;2022-02-24 15:40:00
176;76;NULL;176;0;5;2021-12-26 17:41:00;2021-12-26 18:41:00
177;77;NULL;177;2;5;2021-07-05 15:26:00;2021-07-05 17:26:00
178;78;NULL;178;0;5;2022-06-27 20:05:00;2022-06-27 22:05:00
179;79;NULL;179;2;4;2021-03-07 19:33:00;2021-03-07 22:33:00
180;80;NULL;180;1;5;2021-02-26 11:17:00;2021-02-26 12:17:00
181;81;NULL;181;0;2;2022-07-04 20:53:00;2022-07-04 22:53:00
182;82;NULL;182;2;5;2022-06-14 10:28:00;2022-06-14 13:28:00
183;83;NULL;183;0;2;2021-06-07 13:37:00;2021-06-07 15:37:00
184;84;NULL;184;0;4;2021-01-20 10:34:00;2021-01-20 11:34:00
185;85;NULL;185;1;5;2021-09-28 14:55:00;2021-09-28 16:55:00
186;86;NULL;186;1;3;2021-04-03 20:59:00;2021-04-03 23:59:00
187;87;NULL;187;0;3;2021-04-25 16:59:00;2021-04-25 17:59:00
188;88;NULL;188;0;5;2022-09-10 21:15:00;2022-09-10 22:15:00
189;89;NULL;189;0;4;2022-10-27 18:40:00;2022-10-27 20:40:00
190;90;NULL;190;0;4;2022-04-27 15:09:00;2022-04-27 16:09:00
191;91;NULL;191;0;5;2021-03-25 20:53:00;2021-03-25 23:53:00
192;92;NULL;192;0;2;2022-04-21 16:23:00;2022-04-21 17:23:00
193;93;NULL;193;1;5;2021-01-20 16:49:00;2021-01-20 19:49:00
194;94;NULL;194;2;3;2021-08-15 15:46:00;2021-08-15 18:46:00
195;95;NULL;195;1;5;2022-01-07 19:46:00;2022-01-07 21:46:00
196;96;NULL;196;0;2;2022-09-10 12:50:00;2022-09-10 14:50:00
197;97;NULL;197;1;4;2021-09-10 21:57:00;2021-09-10 23:57:00
198;98;NULL;198;1;5;2022-07-10 15:17:00;2022-07-10 17:17:00
199;99;NULL;199;0;3;2022-04-06 13:41:00;2022-04-06 14:41:00
200;100;NULL;200;1;5;2021-03-12 18:40:00;2021-03-12 19:40:00
201;1;NULL;201;0;3;2022-01-22 20:04:00;2022-01-22 23:04:00
202;2;NULL;202;0;5;2021-11-08 19:26:00;2021-11-08 21:26:00
203;3;NULL;203;1;4;2022-03-02 16:55:00;2022-03-02 19:55:00
204;4;NULL;204;1;4;2021-02-12 17:27:00;2021-02-12 18:27:00
205;5;NULL;205;2;5;2022-04-07 14:31:00;2022-04-07 16:31:00
206;6;NULL;206;1;3;2022-10-06 18:12:00;2022-10-06 21:12:00
207;7;NULL;207;0;5;2021-06-26 11:29:00;2021-06-26 14:29:00
208;8;NULL;208;2;3;2022-01-08 17:01:00;2022-01-08 19:01:00
209;9;NULL;209;2;3;2021-10-13 21:30:00;2021-10-13 22:30:00
210;10;NULL;210;1;5;2021-01-02 14:32:00;2021-01-02 16:32:00
211;11;NULL;211;0;5;2022-04-27 21:08:00;2022-04-27 23:08:00
212;12;NULL;212;0;3;2022-07-22 12:03:00;2022-07-22 13:03:00
213;13;NULL;213;2;4;2021-11-07 21:52:00;2021-11-07 22:52:00
214;14;NULL;214;1;4;2021-10-17 21:13:00;2021-10-18 00:13:00
215;15;NULL;215;0;4;2021-07-04 11:34:00;2021-07-04 12:34:00
216;16;NULL;216;2;3;2021-08-24 17:17:00;2021-08-24 18:17:00
217;17;NULL;217;1;5;2022-09-10 20:35:00;2022-09-10 22:35:00
218;18;NULL;218;2;2;2021-07-28 13:39:00;2021-07-28 16:39:00
219;19;NULL;219;2;2;2021-10-01 20:54:00;2021-10-01 21:54:00
220;20;NULL;220;2;4;2021-02-08 11:48:00;2021-02-08 12:48:00
221;21;NULL;221;1;4;2021-09-04 14:42:00;2021-09-04 15:42:00
222;22;NULL;222;2;3;2021-05-21 21:40:00;2021-05-22 00:40:00
223;23;NULL;223;2;5;2022-07-10 15:35:00;2022-07-10 17:35:00
224;24;NULL;224;1;3;2022-12-15 12:15:00;2022-12-15 14:15:00
225;25;NULL;225;0;5;2022-11-04 21:59:00;2022-11-04 22:59:00
226;26;NULL;226;1;2;2021-09-23 17:25:00;2021-09-23 20:25:00
227;27;NULL;227;0;3;2021-11-01 12:55:00;2021-11-01 14:55:00
228;28;NULL;228;0;5;2021-05-23 10:32:00;2021-05-23 12:32:00
229;29;NULL;229;2;5;2021-09-05 13:52:00;2021-09-05 14:52:00
230;30;NULL;230;1;3;2021-08-07 19:58:00;2021-08-07 21:58:00
231;31;NULL;231;1;5;2021-04-26 16:20:00;2021-04-26 18:20:00
232;32;NULL;232;1;2;2021-09-14 18:23:00;2021-09-14 19:23:00
233;33;NULL;233;0;4;2022-06-01 14:21:00;2022-06-01 16:21:00
234;34;NULL;234;0;2;2022-08-27 19:27:00;2022-08-27 20:27:00
235;35;NULL;235;1;2;2021-05-28 13:06:00;2021-05-28 16:06:00
236;36;NULL;236;0;4;2021-08-17 17:13:00;2021-08-17 19:13:00
237;37;NULL;237;2;2;2021-03-08 10:37:00;2021-03-08 11:37:00
238;38;NULL;238;1;5;2021-07-19 20:15:00;2021-07-19 23:15:00
239;39;NULL;239;0;3;2022-09-12 20:19:00;2022-09-12 21:19:00
240;40;NULL;240;1;4;2022-11-24 16:07:00;2022-11-24 17:07:00
241;41;NULL;241;0;5;2021-01-08 20:43:00;2021-01-08 21:43:00
242;42;NULL;242;1;3;2021-04-27 21:51:00;2021-04-27 23:51:00
243;43;NULL;243;0;4;2021-01-03 13:45:00;2021-01-03 16:45:00
244;44;NULL;244;1;4;2021-05-03 11:51:00;2021-05-03 13:51:00
245;45;NULL;245;0;2;2021-09-04 18:06:00;2021-09-04 19:06:00
246;46;NULL;246;0;2;2022-12-02 19:21:00;2022-12-02 21:21:00
247;47;NULL;247;1;4;2021-06-12 15:29:00;2021-06-12 18:29:00
248;48;NULL;248;2;5;2022-05-05 19:04:00;2022-05-05 20:04:00
249;49;NULL;249;0;4;2022-02-20 18:06:00;2022-02-20 19:06:00
250;50;NULL;250;2;2;2022-08-17 13:39:00;2022-08-17 14:39:00
251;51;NULL;251;1;2;2022-12-17 20:16:00;2022-12-17 22:16:00
252;52;NULL;252;2;3;2021-03-17 14:13:00;2021-03-17 15:13:00
253;53;NULL;253;1;2;2022-12-13 21:37:00;2022-12-14 00:37:00
254;54;NULL;254;2;2;2021-06-22 19:54:00;2021-06-22 21:54:00
255;55;NULL;255;2;5;2022-06-07 10:30:00;2022-06-07 13:30:00
256;56;NULL;256;0;2;2021-12-11 19:37:00;2021-12-11 21:37:00
257;57;NULL;257;0;4;2021-10-24 17:58:00;2021-10-24 18:58:00
258;58;NULL;258;1;4;2021-09-27 15:40:00;2021-09-27 18:40:00
259;59;NULL;259;1;2;2022-06-26 19:31:00;2022-06-26 22:31:00
260;60;NULL;260;0;2;2022-06-10 10:12:00;2022-06-10 12:12:00
261;61;NULL;261;1;2;2022-03-14 20:45:00;2022-03-14 22:45:00
262;62;NULL;262;2;2;2022-10-01 19:22:00;2022-10-01 21:22:00
263;63;NULL;263;2;4;2021-03-23 19:22:00;2021-03-23 20:22:00
264;64;NULL;264;2;5;2022-10-12 18:01:00;2022-10-12 21:01:00
265;65;NULL;265;1;5;2021-03-12 13:28:00;2021-03-12 15:28:00
266;66;NULL;266;1;3;2022-07-15 11:54:00;2022-07-15 12:54:00
267;67;NULL;267;2;2;2021-04-23 10:28:00;2021-04-23 11:28:00
268;68;NULL;268;0;2;2021-01-27 18:21:00;2021-01-27 19:21:00
269;69;NULL;269;1;4;2022-03-27 17:54:00;2022-03-27 19:54:00
270;70;NULL;270;1;5;2021-09-08 20:30:00;2021-09-08 22:30:00
271;71;NULL;271;0;2;2022-04-12 21:58:00;2022-04-12 23:58:00
272;72;NULL;272;1;3;2021-06-20 18:58:00;2021-06-20 21:58:00
273;73;NULL;273;2;4;2022-09-07 16:43:00;2022-09-07 17:43:00
274;74;NULL;274;1;5;2022-07-18 11:48:00;2022-07-18 13:48:00
275;75;NULL;275;0;5;2022-09-12 12:02:00;2022-09-12 15:02:00
276;76;NULL;276;0;4;2021-12-28 13:09:00;2021-12-28 15:09:00
277;77;NULL;277;2;3;2021-02-09 16:08:00;2021-02-09 17:08:00
278;78;NULL;278;2;5;2022-04-23 15:05:00;2022-04-23 17:05:00
279;79;NULL;279;1;4;2021-10-07 15:19:00;2021-10-07 18:19:00
280;80;NULL;280;0;5;2021-05-04 20:19:00;2021-05-04 21:19:00
281;81;NULL;281;0;5;2021-12-09 21:59:00;2021-12-09 23:59:00
282;82;NULL;282;0;3;2022-04-09 13:58:00;2022-04-09 14:58:00
283;83;NULL;283;2;4;2022-07-03 15:12:00;2022-07-03 16:12:00
284;84;NULL;284;2;4;2022-09-01 18:56:00;2022-09-01 21:56:00
285;85;NULL;285;0;2;2022-01-09 15:24:00;2022-01-09 18:24:00
286;86;NULL;286;1;4;2022-09-12 15:14:00;2022-09-12 17:14:00
287;87;NULL;287;0;2;2021-01-21 13:12:00;2021-01-21 16:12:00
288;88;NULL;288;2;3;2022-02-13 13:42:00;2022-02-13 16:42:00
289;89;NULL;289;0;4;2022-01-06 19:15:00;2022-01-06 22:15:00
290;90;NULL;290;1;2;2021-09-27 14:17:00;2021-09-27 15:17:00
291;91;NULL;291;1;3;2021-10-11 15:41:00;2021-10-11 18:41:00
292;92;NULL;292;1;4;2022-08-28 16:36:00;2022-08-28 19:36:00
293;93;NULL;293;1;5;2021-10-17 19:26:00;2021-10-17 22:26:00
294;94;NULL;294;0;3;2022-12-15 21:15:00;2022-12-15 22:15:00
295;95;NULL;295;1;4;2022-06-01 12:23:00;2022-06-01 14:23:00
296;96;NULL;296;1;4;2022-07-26 18:20:00;2022-07-26 21:20:00
297;97;NULL;297;0;3;2021-07-23 19:34:00;2021-07-23 22:34:00
298;98;NULL;298;2;5;2022-04-06 20:17:00;2022-04-06 23:17:00
299;99;NULL;299;1;4;2022-03-05 17:47:00;2022-03-05 19:47:00
300;100;NULL;300;2;5;2022-03-12 11:33:00;2022-03-12 14:33:00
301;1;NULL;301;1;2;2021-04-16 12:57:00;2021-04-16 15:57:00
302;2;NULL;302;1;3;2022-03-04 14:37:00;2022-03-04 15:37:00
303;3;NULL;303;2;3;2022-04-24 13:27:00;2022-04-24 14:27:00
304;4;NULL;304;1;4;2021-03-01 16:32:00;2021-03-01 17:32:00
305;5;NULL;305;2;5;2021-04-19 14:09:00;2021-04-19 15:09:00
306;6;NULL;306;1;4;2022-01-02 16:36:00;2022-01-02 18:36:00
307;7;NULL;307;1;5;2021-11-10 16:51:00;2021-11-10 19:51:00
308;8;NULL;308;2;2;2021-05-03 17:27:00;2021-05-03 19:27:00
309;9;NULL;309;0;4;2021-07-22 20:24:00;2021-07-22 23:24:00
310;10;NULL;310;1;2;2021-01-01 14:39:00;2021-01-01 15:39:00
311;11;NULL;311;1;2;2021-03-05 17:38:00;2021-03-05 18:38:00
312;12;NULL;312;0;2;2021-10-02 18:33:00;2021-10-02 19:33:00
313;13;NULL;313;2;3;2022-12-05 18:34:00;2022-12-05 20:34:00
314;14;NULL;314;2;2;2021-04-08 17:04:00;2021-04-08 19:04:00
315;15;NULL;315;0;4;2021-04-01 15:29:00;2021-04-01 17:29:00
316;16;NULL;316;2;2;2021-02-15 12:58:00;2021-02-15 15:58:00
317;17;NULL;317;0;3;2021-07-27 16:41:00;2021-07-27 18:41:00
318;18;NULL;318;1;4;2021-02-28 20:35:00;2021-02-28 22:35:00
319;19;NULL;319;0;2;2021-02-11 11:55:00;2021-02-11 13:55:00
320;20;NULL;320;0;5;2022-12-28 16:26:00;2022-12-28 17:26:00
321;21;NULL;321;0;4;2022-08-02 15:23:00;2022-08-02 18:23:00
322;22;NULL;322;1;5;2021-03-10 19:30:00;2021-03-10 20:30:00
323;23;NULL;323;1;3;2022-08-19 16:22:00;2022-08-19 18:22:00
324;24;NULL;324;0;2;2021-08-05 19:09:00;2021-08-05 20:09:00
325;25;NULL;325;2;3;2022-02-27 21:41:00;2022-02-27 22:41:00
326;26;NULL;326;2;3;2022-06-06 19:02:00;2022-06-06 21:02:00
327;27;NULL;327;2;2;2022-12-09 16:23:00;2022-12-09 17:23:00
328;28;NULL;328;1;2;2022-07-20 18:33:00;2022-07-20 20:33:00
329;29;NULL;329;1;5;2022-07-25 13:17:00;2022-07-25 14:17:00
330;30;NULL;330;2;3;2022-12-21 19:14:00;2022-12-21 20:14:00
331;31;NULL;331;2;2;2021-10-19 20:01:00;2021-10-19 22:01:00
332;32;NULL;332;2;2;2022-03-17 11:04:00;2022-03-17 13:04:00
333;33;NULL;333;0;5;2021-02-25 13:07:00;2021-02-25 15:07:00
334;34;NULL;334;0;2;2022-11-17 10:58:00;2022-11-17 11:58:00
335;35;NULL;335;1;3;2022-02-16 20:01:00;2022-02-16 21:01:00
336;36;NULL;336;2;3;2021-09-10 17:21:00;2021-09-10 18:21:00
337;37;NULL;337;1;4;2022-06-23 11:16:00;2022-06-23 13:16:00
338;38;NULL;338;0;5;2022-08-03 17:25:00;2022-08-03 18:25:00
339;39;NULL;339;2;2;2021-10-06 16:56:00;2021-10-06 19:56:00
340;40;NULL;340;2;2;2022-10-13 14:52:00;2022-10-13 15:52:00
341;41;NULL;341;2;2;2022-09-12 11:58:00;2022-09-12 14:58:00
342;42;NULL;342;1;4;2021-07-01 11:32:00;2021-07-01 12:32:00
343;43;NULL;343;2;2;2021-02-14 18:33:00;2021-02-14 21:33:00
344;44;NULL;344;2;5;2022-05-08 15:53:00;2022-05-08 18:53:00
345;45;NULL;345;2;3;2021-01-26 21:06:00;2021-01-26 23:06:00
346;46;NULL;346;1;4;2022-12-02 13:56:00;2022-12-02 14:56:00
347;47;NULL;347;2;4;2021-10-25 21:20:00;2021-10-25 22:20:00
348;48;NULL;348;1;5;2021-01-14 20:48:00;2021-01-14 21:48:00
349;49;NULL;349;2;3;2021-05-15 11:39:00;2021-05-15 13:39:00
350;50;NULL;350;1;5;2022-03-27 17:27:00;2022-03-27 19:27:00
351;51;NULL;351;0;3;2022-09-08 12:43:00;2022-09-08 13:43:00
352;52;NULL;352;0;3;2021-01-03 11:22:00;2021-01-03 14:22:00
353;53;NULL;353;2;2;2021-11-18 11:29:00;2021-11-18 12:29:00
354;54;NULL;354;2;3;2022-05-26 20:09:00;2022-05-26 22:09:00
355;55;NULL;355;2;5;2022-08-03 11:25:00;2022-08-03 12:25:00
356;56;NULL;356;1;4;2022-10-04 13:01:00;2022-10-04 15:01:00
357;57;NULL;357;1;3;2021-12-17 11:03:00;2021-12-17 13:03:00
358;58;NULL;358;1;3;2022-01-01 12:08:00;2022-01-01 14:08:00
359;59;NULL;359;0;5;2022-09-14 16:47:00;2022-09-14 18:47:00
360;60;NULL;360;0;4;2022-04-26 15:01:00;2022-04-26 17:01:00
361;61;NULL;361;2;4;2021-12-27 16:37:00;2021-12-27 18:37:00
362;62;NULL;362;1;5;2021-10-09 10:30:00;2021-10-09 13:30:00
363;63;NULL;363;1;5;2021-07-04 18:45:00;2021-07-04 19:45:00
364;64;NULL;364;1;2;2022-02-19 11:28:00;2022-02-19 13:28:00
365;65;NULL;365;0;4;2021-11-23 14:02:00;2021-11-23 17:02:00
366;66;NULL;366;2;5;2022-04-10 18:36:00;2022-04-10 19:36:00
367;67;NULL;367;0;4;2021-11-17 19:04:00;2021-11-17 20:04:00
368;68;NULL;368;0;5;2021-07-17 11:17:00;2021-07-17 12:17:00
369;69;NULL;369;1;4;2021-05-25 13:12:00;2021-05-25 15:12:00
370;70;NULL;370;0;4;2021-02-06 11:08:00;2021-02-06 12:08:00
371;71;NULL;371;1;3;2022-10-28 10:43:00;2022-10-28 11:43:00
372;72;NULL;372;2;2;2022-06-23 20:32:00;2022-06-23 22:32:00
373;73;NULL;373;2;5;2022-12-19 17:59:00;2022-12-19 18:59:00
374;74;NULL;374;1;3;2021-11-12 12:48:00;2021-11-12 14:48:00
375;75;NULL;375;1;3;2022-12-01 17:55:00;2022-12-01 20:55:00
376;76;NULL;376;0;2;2022-01-20 13:15:00;2022-01-20 14:15:00
377;77;NULL;377;2;4;2021-01-28 16:19:00;2021-01-28 19:19:00
378;78;NULL;378;1;3;2022-09-22 19:29:00;2022-09-22 22:29:00
379;79;NULL;379;0;2;2022-08-07 16:58:00;2022-08-07 19:58:00
380;80;NULL;380;1;4;2021-01-14 18:45:00;2021-01-14 21:45:00
381;81;NULL;381;1;4;2022-02-22 21:05:00;2022-02-23 00:05:00
382;82;NULL;382;1;2;2021-07-19 21:18:00;2021-07-19 23:18:00
383;83;NULL;383;1;3;2021-12-21 10:45:00;2021-12-21 12:45:00
384;84;NULL;384;1;4;2021-02-02 10:23:00;2021-02-02 13:23:00
385;85;NULL;385;2;5;2022-09-10 17:50:00;2022-09-10 20:50:00
386;86;NULL;386;1;5;2022-03-21 20:54:00;2022-03-21 23:54:00
387;87;NULL;387;0;2;2022-02-25 16:33:00;2022-02-25 18:33:00
388;88;NULL;388;0;2;2022-11-02 15:49:00;2022-11-02 16:49:00
389;89;NULL;389;2;5;2022-07-02 10:27:00;2022-07-02 12:27:00
390;90;NULL;390;1;4;2021-08-16 13:38:00;2021-08-16 16:38:00
391;91;NULL;391;1;2;2022-09-14 10:01:00;2022-09-14 13:01:00
392;92;NULL;392;1;3;2021-04-27 13:55:00;2021-04-27 14:55:00
393;93;NULL;393;2;3;2021-09-08 15:27:00;2021-09-08 17:27:00
394;94;NULL;394;1;2;2021-10-12 19:44:00;2021-10-12 20:44:00
395;95;NULL;395;2;5;2022-10-25 18:10:00;2022-10-25 19:10:00
396;96;NULL;396;0;4;2021-05-08 11:45:00;2021-05-08 13:45:00
397;97;NULL;397;1;3;2021-05-13 11:34:00;2021-05-13 12:34:00
398;98;NULL;398;0;2;2021-05-13 11:06:00;2021-05-13 14:06:00
399;99;NULL;399;0;3;2021-01-06 17:59:00;2021-01-06 19:59:00
400;100;NULL;400;2;4;2022-02-15 14:34:00;2022-02-15 16:34:00
401;1;NULL;401;2;5;2022-08-23 17:13:00;2022-08-23 19:13:00
402;2;NULL;402;0;2;2022-04-10 13:14:00;2022-04-10 15:14:00
403;3;NULL;403;1;4;2021-04-03 17:36:00;2021-04-03 20:36:00
404;4;NULL;404;0;4;2021-03-06 13:43:00;2021-03-06 14:43:00
405;5;NULL;405;1;2;2021-05-15 15:40:00;2021-05-15 17:40:00
406;6;NULL;406;2;4;2022-01-22 10:33:00;2022-01-22 12:33:00
407;7;NULL;407;0;5;2021-09-23 10:18:00;2021-09-23 11:18:00
408;8;NULL;408;0;3;2022-05-04 12:01:00;2022-05-04 13:01:00
409;9;NULL;409;0;2;2022-09-19 20:17:00;2022-09-19 21:17:00
410;10;NULL;410;1;2;2022-06-05 17:53:00;2022-06-05 18:53:00
411;11;NULL;411;2;5;2022-05-11 20:20:00;2022-05-11 22:20:00
412;12;NULL;412;2;5;2021-04-28 10:28:00;2021-04-28 13:28:00
413;13;NULL;413;0;2;2021-06-19 13:08:00;2021-06-19 15:08:00
414;14;NULL;414;0;4;2021-05-13 15:39:00;2021-05-13 18:39:00
415;15;NULL;415;2;3;2021-12-17 14:28:00;2021-12-17 17:28:00
416;16;NULL;416;2;3;2022-12-07 16:39:00;2022-12-07 19:39:00
417;17;NULL;417;2;2;2021-12-06 14:59:00;2021-12-06 17:59:00
418;18;NULL;418;0;3;2022-04-25 20:39:00;2022-04-25 22:39:00
419;19;NULL;419;2;3;2022-07-12 11:40:00;2022-07-12 12:40:00
420;20;NULL;420;2;2;2022-11-21 21:52:00;2022-11-21 23:52:00
421;21;NULL;421;1;5;2022-12-10 17:02:00;2022-12-10 19:02:00
422;22;NULL;422;1;5;2022-01-27 13:14:00;2022-01-27 15:14:00
423;23;NULL;423;0;5;2022-08-24 19:47:00;2022-08-24 20:47:00
424;24;NULL;424;1;2;2022-02-03 21:18:00;2022-02-03 23:18:00
425;25;NULL;425;2;5;2021-09-20 20:27:00;2021-09-20 21:27:00
426;26;NULL;426;1;3;2022-12-11 15:42:00;2022-12-11 17:42:00
427;27;NULL;427;2;5;2021-11-25 10:55:00;2021-11-25 13:55:00
428;28;NULL;428;2;5;2022-11-11 20:45:00;2022-11-11 21:45:00
429;29;NULL;429;2;5;2021-10-26 20:59:00;2021-10-26 22:59:00
430;30;NULL;430;0;4;2022-02-22 13:38:00;2022-02-22 16:38:00
431;31;NULL;431;2;4;2021-04-11 18:03:00;2021-04-11 20:03:00
432;32;NULL;432;0;5;2021-02-22 18:56:00;2021-02-22 19:56:00
433;33;NULL;433;2;2;2022-02-10 18:09:00;2022-02-10 21:09:00
434;34;NULL;434;0;3;2021-03-18 17:27:00;2021-03-18 20:27:00
435;35;NULL;435;2;2;2021-03-18 20:26:00;2021-03-18 23:26:00
436;36;NULL;436;2;3;2021-05-27 13:11:00;2021-05-27 14:11:00
437;37;NULL;437;1;3;2021-08-26 15:30:00;2021-08-26 18:30:00
438;38;NULL;438;0;4;2021-06-11 17:01:00;2021-06-11 20:01:00
439;39;NULL;439;1;4;2022-10-11 19:01:00;2022-10-11 22:01:00
440;40;NULL;440;1;5;2022-11-21 16:07:00;2022-11-21 19:07:00
441;41;NULL;441;2;4;2022-05-09 15:06:00;2022-05-09 16:06:00
442;42;NULL;442;1;5;2022-01-25 12:15:00;2022-01-25 15:15:00
443;43;NULL;443;2;5;2022-12-03 16:37:00;2022-12-03 17:37:00
444;44;NULL;444;1;4;2021-06-25 20:01:00;2021-06-25 22:01:00
445;45;NULL;445;0;5;2022-03-06 21:29:00;2022-03-06 22:29:00
446;46;NULL;446;2;2;2022-04-11 21:39:00;2022-04-11 22:39:00
447;47;NULL;447;2;4;2022-04-11 17:36:00;2022-04-11 20:36:00
448;48;NULL;448;2;3;2021-02-22 18:48:00;2021-02-22 21:48:00
449;49;NULL;449;0;3;2022-08-01 11:38:00;2022-08-01 13:38:00
450;50;NULL;450;0;3;2022-06-02 11:40:00;2022-06-02 12:40:00
451;51;NULL;451;0;3;2022-05-13 11:47:00;2022-05-13 12:47:00
452;52;NULL;452;1;3;2022-03-01 11:15:00;2022-03-01 13:15:00
453;53;NULL;453;1;4;2022-03-27 11:02:00;2022-03-27 13:02:00
454;54;NULL;454;2;3;2022-08-27 15:59:00;2022-08-27 17:59:00
455;55;NULL;455;0;3;2021-11-06 18:56:00;2021-11-06 19:56:00
456;56;NULL;456;0;5;2021-11-22 19:32:00;2021-11-22 20:32:00
457;57;NULL;457;1;2;2022-05-22 15:05:00;2022-05-22 16:05:00
458;58;NULL;458;2;3;2021-06-25 14:24:00;2021-06-25 16:24:00
459;59;NULL;459;2;4;2022-02-04 21:34:00;2022-02-04 22:34:00
460;60;NULL;460;2;3;2022-09-26 19:01:00;2022-09-26 21:01:00
461;61;NULL;461;0;5;2021-02-21 11:04:00;2021-02-21 12:04:00
462;62;NULL;462;0;5;2021-06-09 16:14:00;2021-06-09 19:14:00
463;63;NULL;463;0;5;2022-04-21 20:27:00;2022-04-21 21:27:00
464;64;NULL;464;0;2;2021-11-10 10:21:00;2021-11-10 11:21:00
465;65;NULL;465;0;3;2022-03-06 17:05:00;2022-03-06 20:05:00
466;66;NULL;466;1;3;2021-08-07 12:25:00;2021-08-07 15:25:00
467;67;NULL;467;1;3;2021-08-07 17:17:00;2021-08-07 19:17:00
468;68;NULL;468;1;3;2021-07-22 12:33:00;2021-07-22 15:33:00
469;69;NULL;469;2;4;2021-06-24 13:11:00;2021-06-24 14:11:00
470;70;NULL;470;1;2;2022-11-27 12:19:00;2022-11-27 14:19:00
471;71;NULL;471;1;5;2022-11-02 10:58:00;2022-11-02 13:58:00
472;72;NULL;472;1;3;2021-04-12 15:44:00;2021-04-12 17:44:00
473;73;NULL;473;0;4;2022-10-01 12:52:00;2022-10-01 15:52:00
474;74;NULL;474;1;4;2021-08-28 16:34:00;2021-08-28 19:34:00
475;75;NULL;475;2;2;2021-04-26 14:42:00;2021-04-26 17:42:00
476;76;NULL;476;0;4;2022-04-17 18:28:00;2022-04-17 19:28:00
477;77;NULL;477;1;2;2022-02-10 12:13:00;2022-02-10 13:13:00
478;78;NULL;478;0;5;2022-06-11 21:03:00;2022-06-12 00:03:00
479;79;NULL;479;2;4;2022-10-01 14:58:00;2022-10-01 17:58:00
480;80;NULL;480;0;5;2022-06-28 12:17:00;2022-06-28 15:17:00
481;81;NULL;481;2;4;2021-08-19 21:07:00;2021-08-20 00:07:00
482;82;NULL;482;0;2;2022-06-06 18:53:00;2022-06-06 19:53:00
483;83;NULL;483;2;4;2021-07-27 15:47:00;2021-07-27 18:47:00
484;84;NULL;484;0;4;2022-02-21 15:32:00;2022-02-21 17:32:00
485;85;NULL;485;1;2;2022-05-21 16:58:00;2022-05-21 18:58:00
486;86;NULL;486;0;5;2021-03-07 15:30:00;2021-03-07 18:30:00
487;87;NULL;487;1;2;2022-01-24 11:07:00;2022-01-24 14:07:00
488;88;NULL;488;1;3;2022-04-16 11:49:00;2022-04-16 12:49:00
489;89;NULL;489;0;3;2021-09-17 18:08:00;2021-09-17 21:08:00
490;90;NULL;490;1;5;2022-08-27 10:01:00;2022-08-27 11:01:00
491;91;NULL;491;2;4;2021-11-22 14:53:00;2021-11-22 15:53:00
492;92;NULL;492;0;4;2021-08-02 15:22:00;2021-08-02 17:22:00
493;93;NULL;493;0;2;2022-08-19 18:50:00;2022-08-19 21:50:00
494;94;NULL;494;0;5;2021-04-13 20:04:00;2021-04-13 22:04:00
495;95;NULL;495;2;3;2022-09-07 15:51:00;2022-09-07 16:51:00
496;96;NULL;496;0;2;2021-08-26 10:44:00;2021-08-26 11:44:00
497;97;NULL;497;2;2;2021-11-08 11:02:00;2021-11-08 13:02:00
498;98;NULL;498;1;3;2021-03-12 11:16:00;2021-03-12 14:16:00
499;99;NULL;499;2;3;2022-02-20 13:13:00;2022-02-20 16:13:00
500;100;NULL;500;2;5;2022-10-22 12:41:00;2022-10-22 15:41:00
501;NULL;1;501;1;11;2022-08-01 13:48:00;2022-08-01 14:48:00
502;NULL;2;502;1;11;2022-11-02 15:38:00;2022-11-02 17:38:00
503;NULL;3;503;0;11;2021-01-03 11:31:00;2021-01-03 12:31:00
504;NULL;4;504;2;11;2021-08-14 11:00:00;2021-08-14 13:00:00
505;NULL;5;505;1;11;2022-06-01 19:13:00;2022-06-01 20:13:00
506;NULL;6;506;2;11;2022-04-02 17:57:00;2022-04-02 20:57:00
507;NULL;7;507;0;11;2022-10-14 13:24:00;2022-10-14 16:24:00
508;NULL;8;508;1;11;2022-10-07 20:48:00;2022-10-07 23:48:00
509;NULL;9;509;2;11;2022-09-11 16:24:00;2022-09-11 19:24:00
510;NULL;10;510;2;11;2022-09-13 12:43:00;2022-09-13 14:43:00
511;NULL;11;511;1;11;2022-12-09 11:11:00;2022-12-09 13:11:00
512;NULL;12;512;2;11;2021-07-14 21:22:00;2021-07-15 00:22:00
513;NULL;13;513;1;11;2021-02-10 11:09:00;2021-02-10 14:09:00
514;NULL;14;514;1;11;2021-12-05 10:13:00;2021-12-05 11:13:00
515;NULL;15;515;2;11;2021-05-23 10:40:00;2021-05-23 13:40:00
516;NULL;16;516;1;11;2022-01-05 18:15:00;2022-01-05 19:15:00
517;NULL;17;517;1;11;2022-03-21 16:11:00;2022-03-21 19:11:00
518;NULL;18;518;1;11;2021-06-20 16:21:00;2021-06-20 19:21:00
519;NULL;19;519;1;11;2021-10-24 14:59:00;2021-10-24 15:59:00
520;NULL;20;520;1;11;2021-12-14 17:38:00;2021-12-14 18:38:00
521;NULL;1;521;2;11;2022-03-17 16:49:00;2022-03-17 17:49:00
522;NULL;2;522;2;11;2021-03-05 17:12:00;2021-03-05 19:12:00
523;NULL;3;523;0;11;2022-06-07 15:32:00;2022-06-07 16:32:00
524;NULL;4;524;1;11;2021-06-03 12:43:00;2021-06-03 13:43:00
525;NULL;5;525;1;11;2022-05-15 12:15:00;2022-05-15 15:15:00
526;NULL;6;526;0;11;2022-06-12 13:26:00;2022-06-12 16:26:00
527;NULL;7;527;2;11;2021-09-01 10:39:00;2021-09-01 12:39:00
528;NULL;8;528;1;11;2021-09-01 10:26:00;2021-09-01 12:26:00
529;NULL;9;529;0;11;2022-10-14 21:32:00;2022-10-14 22:32:00
530;NULL;10;530;0;11;2021-03-04 13:48:00;2021-03-04 14:48:00
531;NULL;11;531;1;11;2022-06-22 11:41:00;2022-06-22 14:41:00
532;NULL;12;532;2;11;2021-01-14 20:21:00;2021-01-14 23:21:00
533;NULL;13;533;1;11;2022-11-28 12:36:00;2022-11-28 14:36:00
534;NULL;14;534;1;11;2022-09-14 10:57:00;2022-09-14 11:57:00
535;NULL;15;535;0;11;2022-08-24 20:26:00;2022-08-24 22:26:00
536;NULL;16;536;1;11;2021-05-26 19:23:00;2021-05-26 21:23:00
537;NULL;17;537;1;11;2022-09-10 21:35:00;2022-09-10 22:35:00
538;NULL;18;538;0;11;2022-12-08 11:30:00;2022-12-08 14:30:00
539;NULL;19;539;0;11;2022-09-20 21:44:00;2022-09-20 22:44:00
540;NULL;20;540;1;11;2021-11-10 16:02:00;2021-11-10 17:02:00
541;NULL;1;541;2;11;2021-10-14 14:05:00;2021-10-14 17:05:00
542;NULL;2;542;1;11;2021-06-06 21:14:00;2021-06-06 22:14:00
543;NULL;3;543;2;11;2021-07-08 14:15:00;2021-07-08 16:15:00
544;NULL;4;544;1;11;2022-05-07 11:04:00;2022-05-07 14:04:00
545;NULL;5;545;2;11;2021-03-14 15:12:00;2021-03-14 18:12:00
546;NULL;6;546;1;11;2022-08-03 10:35:00;2022-08-03 11:35:00
547;NULL;7;547;2;11;2021-03-16 14:05:00;2021-03-16 16:05:00
548;NULL;8;548;0;11;2022-09-27 12:53:00;2022-09-27 13:53:00
549;NULL;9;549;0;11;2022-07-15 16:20:00;2022-07-15 18:20:00
550;NULL;10;550;1;11;2021-09-28 12:24:00;2021-09-28 14:24:00
551;NULL;11;551;1;11;2022-04-19 20:44:00;2022-04-19 21:44:00
552;NULL;12;552;0;11;2021-11-04 20:05:00;2021-11-04 21:05:00
553;NULL;13;553;2;11;2022-01-08 13:07:00;2022-01-08 14:07:00
554;NULL;14;554;0;11;2022-03-09 19:40:00;2022-03-09 22:40:00
555;NULL;15;555;0;11;2021-11-11 12:23:00;2021-11-11 15:23:00
556;NULL;16;556;1;11;2021-08-03 16:18:00;2021-08-03 17:18:00
557;NULL;17;557;2;11;2021-10-05 19:27:00;2021-10-05 21:27:00
558;NULL;18;558;1;11;2021-06-25 18:14:00;2021-06-25 21:14:00
559;NULL;19;559;2;11;2021-12-04 18:36:00;2021-12-04 21:36:00
560;NULL;20;560;1;11;2022-02-20 21:21:00;2022-02-20 22:21:00
561;NULL;1;561;0;11;2022-04-18 14:30:00;2022-04-18 15:30:00
562;NULL;2;562;2;11;2022-02-24 12:15:00;2022-02-24 14:15:00
563;NULL;3;563;1;11;2021-03-10 10:58:00;2021-03-10 13:58:00
564;NULL;4;564;0;11;2022-09-25 15:06:00;2022-09-25 17:06:00
565;NULL;5;565;2;11;2021-06-25 10:59:00;2021-06-25 12:59:00
566;NULL;6;566;0;11;2021-02-11 14:10:00;2021-02-11 16:10:00
567;NULL;7;567;0;11;2021-01-25 20:50:00;2021-01-25 21:50:00
568;NULL;8;568;1;11;2022-08-26 19:04:00;2022-08-26 21:04:00
569;NULL;9;569;0;11;2022-04-15 12:46:00;2022-04-15 13:46:00
570;NULL;10;570;0;11;2022-01-21 11:20:00;2022-01-21 13:20:00
571;NULL;11;571;0;11;2021-01-18 14:33:00;2021-01-18 15:33:00
572;NULL;12;572;2;11;2022-12-15 14:11:00;2022-12-15 17:11:00
573;NULL;13;573;1;11;2022-04-22 14:05:00;2022-04-22 15:05:00
574;NULL;14;574;2;11;2021-02-22 21:44:00;2021-02-22 22:44:00
575;NULL;15;575;0;11;2021-06-10 16:26:00;2021-06-10 17:26:00
576;NULL;16;576;2;11;2021-02-27 16:14:00;2021-02-27 17:14:00
577;NULL;17;577;2;11;2021-03-12 10:49:00;2021-03-12 11:49:00
578;NULL;18;578;2;11;2021-09-04 10:06:00;2021-09-04 12:06:00
579;NULL;19;579;2;11;2022-05-19 10:58:00;2022-05-19 12:58:00
580;NULL;20;580;1;11;2021-12-18 18:54:00;2021-12-18 20:54:00
581;NULL;1;581;2;11;2022-11-28 15:49:00;2022-11-28 16:49:00
582;NULL;2;582;0;11;2022-06-14 15:30:00;2022-06-14 17:30:00
583;NULL;3;583;0;11;2022-04-19 18:33:00;2022-04-19 19:33:00
584;NULL;4;584;1;11;2022-12-08 20:14:00;2022-12-08 22:14:00
585;NULL;5;585;0;11;2022-07-17 17:27:00;2022-07-17 20:27:00
586;NULL;6;586;2;11;2022-09-06 11:39:00;2022-09-06 14:39:00
587;NULL;7;587;0;11;2022-09-13 21:44:00;2022-09-14 00:44:00
588;NULL;8;588;0;11;2021-10-07 12:29:00;2021-10-07 15:29:00
589;NULL;9;589;1;11;2021-10-20 18:13:00;2021-10-20 20:13:00
590;NULL;10;590;1;11;2021-08-11 16:46:00;2021-08-11 19:46:00
591;NULL;11;591;2;11;2021-09-25 20:13:00;2021-09-25 23:13:00
592;NULL;12;592;2;11;2021-03-16 19:26:00;2021-03-16 21:26:00
593;NULL;13;593;2;11;2022-03-18 13:55:00;2022-03-18 14:55:00
594;NULL;14;594;2;11;2022-08-05 14:39:00;2022-08-05 17:39:00
595;NULL;15;595;2;11;2022-05-11 10:12:00;2022-05-11 13:12:00
596;NULL;16;596;0;11;2022-01-25 17:49:00;2022-01-25 20:49:00
597;NULL;17;597;0;11;2022-02-17 20:20:00;2022-02-17 21:20:00
598;NULL;18;598;1;11;2021-06-12 13:43:00;2021-06-12 14:43:00
599;NULL;19;599;2;11;2021-01-11 15:25:00;2021-01-11 16:25:00
600;NULL;20;600;2;11;2022-12-02 15:38:00;2022-12-02 16:38:00
601;NULL;1;601;0;11;2021-07-26 17:48:00;2021-07-26 18:48:00
602;NULL;2;602;2;11;2022-10-21 12:23:00;2022-10-21 14:23:00
603;NULL;3;603;0;11;2022-08-01 18:57:00;2022-08-01 20:57:00
604;NULL;4;604;1;11;2021-08-13 12:35:00;2021-08-13 14:35:00
605;NULL;5;605;0;11;2022-08-05 16:21:00;2022-08-05 19:21:00
606;NULL;6;606;1;11;2022-02-01 11:11:00;2022-02-01 13:11:00
607;NULL;7;607;2;11;2022-01-21 20:44:00;2022-01-21 21:44:00
608;NULL;8;608;1;11;2022-08-11 16:21:00;2022-08-11 19:21:00
609;NULL;9;609;2;11;2021-08-15 18:52:00;2021-08-15 19:52:00
610;NULL;10;610;2;11;2022-05-08 14:31:00;2022-05-08 15:31:00
611;NULL;11;611;0;11;2021-02-01 12:52:00;2021-02-01 13:52:00
612;NULL;12;612;0;11;2022-08-10 21:21:00;2022-08-10 22:21:00
613;NULL;13;613;1;11;2022-12-22 12:00:00;2022-12-22 15:00:00
614;NULL;14;614;2;11;2021-02-14 12:05:00;2021-02-14 15:05:00
615;NULL;15;615;2;11;2022-06-22 13:37:00;2022-06-22 14:37:00
616;NULL;16;616;1;11;2022-01-17 21:22:00;2022-01-17 22:22:00
617;NULL;17;617;1;11;2022-03-22 17:51:00;2022-03-22 20:51:00
618;NULL;18;618;2;11;2022-08-13 16:39:00;2022-08-13 18:39:00
619;NULL;19;619;1;11;2021-03-27 21:00:00;2021-03-28 00:00:00
620;NULL;20;620;2;11;2022-12-04 17:45:00;2022-12-04 20:45:00
621;NULL;1;621;1;11;2021-02-06 20:48:00;2021-02-06 21:48:00
622;NULL;2;622;2;11;2022-02-24 19:29:00;2022-02-24 22:29:00
623;NULL;3;623;2;11;2022-02-27 11:14:00;2022-02-27 14:14:00
624;NULL;4;624;1;11;2022-07-25 10:48:00;2022-07-25 12:48:00
625;NULL;5;625;1;11;2022-11-01 12:46:00;2022-11-01 14:46:00
626;NULL;6;626;1;11;2021-04-16 11:56:00;2021-04-16 12:56:00
627;NULL;7;627;2;11;2022-09-12 19:34:00;2022-09-12 21:34:00
628;NULL;8;628;2;11;2022-09-27 16:08:00;2022-09-27 17:08:00
629;NULL;9;629;1;11;2022-07-17 11:16:00;2022-07-17 14:16:00
630;NULL;10;630;1;11;2021-09-23 10:28:00;2021-09-23 13:28:00
631;NULL;11;631;1;11;2021-10-14 10:30:00;2021-10-14 12:30:00
632;NULL;12;632;0;11;2022-03-23 12:28:00;2022-03-23 13:28:00
633;NULL;13;633;1;11;2021-07-06 20:27:00;2021-07-06 23:27:00
634;NULL;14;634;2;11;2022-12-26 15:30:00;2022-12-26 18:30:00
635;NULL;15;635;2;11;2021-06-09 18:34:00;2021-06-09 19:34:00
636;NULL;16;636;2;11;2021-03-07 10:45:00;2021-03-07 11:45:00
637;NULL;17;637;0;11;2021-03-23 20:27:00;2021-03-23 23:27:00
638;NULL;18;638;2;11;2022-10-05 15:37:00;2022-10-05 17:37:00
639;NULL;19;639;0;11;2021-08-28 16:30:00;2021-08-28 18:30:00
640;NULL;20;640;1;11;2021-09-14 21:19:00;2021-09-14 22:19:00
641;NULL;1;641;1;11;2021-03-21 20:46:00;2021-03-21 22:46:00
642;NULL;2;642;0;11;2022-09-02 20:07:00;2022-09-02 22:07:00
643;NULL;3;643;2;11;2022-08-20 12:45:00;2022-08-20 13:45:00
644;NULL;4;644;1;11;2022-01-11 13:31:00;2022-01-11 16:31:00
645;NULL;5;645;2;11;2022-01-25 19:47:00;2022-01-25 21:47:00
646;NULL;6;646;1;11;2021-03-01 14:25:00;2021-03-01 15:25:00
647;NULL;7;647;1;11;2022-09-21 18:43:00;2022-09-21 19:43:00
648;NULL;8;648;1;11;2021-03-20 10:08:00;2021-03-20 13:08:00
649;NULL;9;649;0;11;2022-10-07 14:19:00;2022-10-07 17:19:00
650;NULL;10;650;0;11;2021-05-21 12:39:00;2021-05-21 15:39:00
651;NULL;11;651;2;11;2022-05-09 11:53:00;2022-05-09 13:53:00
652;NULL;12;652;0;11;2022-05-23 18:06:00;2022-05-23 20:06:00
653;NULL;13;653;1;11;2021-12-06 10:10:00;2021-12-06 12:10:00
654;NULL;14;654;2;11;2022-02-04 16:27:00;2022-02-04 18:27:00
655;NULL;15;655;1;11;2021-04-23 13:03:00;2021-04-23 15:03:00
656;NULL;16;656;0;11;2021-09-21 18:22:00;2021-09-21 19:22:00
657;NULL;17;657;2;11;2022-08-02 15:16:00;2022-08-02 18:16:00
658;NULL;18;658;0;11;2022-12-24 10:50:00;2022-12-24 13:50:00
659;NULL;19;659;0;11;2022-04-05 14:56:00;2022-04-05 15:56:00
660;NULL;20;660;0;11;2021-09-28 18:05:00;2021-09-28 19:05:00
661;NULL;1;661;2;11;2022-11-10 12:26:00;2022-11-10 15:26:00
662;NULL;2;662;0;11;2022-12-05 13:37:00;2022-12-05 16:37:00
663;NULL;3;663;2;11;2022-02-12 11:30:00;2022-02-12 12:30:00
664;NULL;4;664;2;11;2021-07-19 17:28:00;2021-07-19 18:28:00
665;NULL;5;665;0;11;2022-08-17 20:42:00;2022-08-17 23:42:00
666;NULL;6;666;1;11;2021-07-22 19:37:00;2021-07-22 22:37:00
667;NULL;7;667;0;11;2022-12-28 13:02:00;2022-12-28 16:02:00
668;NULL;8;668;0;11;2022-06-27 17:20:00;2022-06-27 18:20:00
669;NULL;9;669;1;11;2022-08-05 19:13:00;2022-08-05 20:13:00
670;NULL;10;670;2;11;2021-08-20 13:37:00;2021-08-20 15:37:00
671;NULL;11;671;0;11;2021-09-26 19:06:00;2021-09-26 22:06:00
672;NULL;12;672;1;11;2021-12-27 12:22:00;2021-12-27 13:22:00
673;NULL;13;673;1;11;2022-10-17 16:17:00;2022-10-17 17:17:00
674;NULL;14;674;0;11;2022-02-18 19:47:00;2022-02-18 20:47:00
675;NULL;15;675;1;11;2022-06-04 21:55:00;2022-06-05 00:55:00
676;NULL;16;676;2;11;2022-01-27 18:16:00;2022-01-27 19:16:00
677;NULL;17;677;2;11;2021-04-17 15:01:00;2021-04-17 16:01:00
678;NULL;18;678;0;11;2022-10-15 16:40:00;2022-10-15 17:40:00
679;NULL;19;679;0;11;2021-05-14 20:46:00;2021-05-14 22:46:00
680;NULL;20;680;1;11;2021-03-04 16:37:00;2021-03-04 18:37:00
681;NULL;1;681;2;11;2022-08-24 11:00:00;2022-08-24 13:00:00
682;NULL;2;682;0;11;2022-01-01 12:45:00;2022-01-01 15:45:00
683;NULL;3;683;2;11;2022-12-18 18:06:00;2022-12-18 21:06:00
684;NULL;4;684;0;11;2022-10-13 17:25:00;2022-10-13 20:25:00
685;NULL;5;685;2;11;2022-01-17 16:40:00;2022-01-17 19:40:00
686;NULL;6;686;2;11;2022-03-04 11:52:00;2022-03-04 13:52:00
687;NULL;7;687;1;11;2021-01-22 11:08:00;2021-01-22 14:08:00
688;NULL;8;688;0;11;2022-09-13 21:34:00;2022-09-13 22:34:00
689;NULL;9;689;1;11;2021-10-09 20:58:00;2021-10-09 21:58:00
690;NULL;10;690;0;11;2021-02-26 10:44:00;2021-02-26 12:44:00
691;NULL;11;691;2;11;2022-06-06 21:07:00;2022-06-07 00:07:00
692;NULL;12;692;1;11;2021-01-16 19:35:00;2021-01-16 22:35:00
693;NULL;13;693;1;11;2021-06-16 19:01:00;2021-06-16 22:01:00
694;NULL;14;694;0;11;2022-09-10 18:55:00;2022-09-10 20:55:00
695;NULL;15;695;0;11;2022-06-03 16:54:00;2022-06-03 18:54:00
696;NULL;16;696;2;11;2021-09-18 12:40:00;2021-09-18 13:40:00
697;NULL;17;697;1;11;2022-02-13 18:22:00;2022-02-13 20:22:00
698;NULL;18;698;0;11;2021-03-17 14:15:00;2021-03-17 15:15:00
699;NULL;19;699;2;11;2021-11-23 20:16:00;2021-11-23 23:16:00
700;NULL;20;700;1;11;2022-11-27 16:09:00;2022-11-27 18:09:00
701;NULL;1;701;2;11;2022-10-25 11:08:00;2022-10-25 12:08:00
702;NULL;2;702;0;11;2022-03-27 16:21:00;2022-03-27 19:21:00
703;NULL;3;703;1;11;2021-05-01 11:03:00;2021-05-01 14:03:00
704;NULL;4;704;2;11;2022-01-22 14:25:00;2022-01-22 15:25:00
705;NULL;5;705;2;11;2021-10-24 12:30:00;2021-10-24 14:30:00
706;NULL;6;706;0;11;2021-12-08 11:18:00;2021-12-08 14:18:00
707;NULL;7;707;0;11;2021-05-04 20:51:00;2021-05-04 22:51:00
708;NULL;8;708;1;11;2022-07-17 12:46:00;2022-07-17 14:46:00
709;NULL;9;709;0;11;2022-12-06 21:43:00;2022-12-06 23:43:00
710;NULL;10;710;0;11;2021-10-25 21:10:00;2021-10-26 00:10:00
711;NULL;11;711;0;11;2021-09-15 19:52:00;2021-09-15 20:52:00
712;NULL;12;712;2;11;2021-01-06 20:28:00;2021-01-06 23:28:00
713;NULL;13;713;2;11;2021-07-19 18:51:00;2021-07-19 21:51:00
714;NULL;14;714;2;11;2021-06-03 19:44:00;2021-06-03 20:44:00
715;NULL;15;715;0;11;2022-11-21 21:25:00;2022-11-22 00:25:00
716;NULL;16;716;0;11;2021-09-16 12:36:00;2021-09-16 15:36:00
717;NULL;17;717;0;11;2021-05-08 18:04:00;2021-05-08 20:04:00
718;NULL;18;718;0;11;2021-04-27 21:22:00;2021-04-28 00:22:00
719;NULL;19;719;2;11;2021-01-17 10:15:00;2021-01-17 12:15:00
720;NULL;20;720;1;11;2022-08-25 17:25:00;2022-08-25 20:25:00
721;NULL;1;721;2;11;2022-07-06 20:37:00;2022-07-06 22:37:00
722;NULL;2;722;0;11;2021-07-01 19:35:00;2021-07-01 21:35:00
723;NULL;3;723;1;11;2021-03-11 11:41:00;2021-03-11 14:41:00
724;NULL;4;724;1;11;2022-09-07 15:44:00;2022-09-07 18:44:00
725;NULL;5;725;1;11;2022-11-13 14:29:00;2022-11-13 17:29:00
726;NULL;6;726;0;11;2022-02-21 20:31:00;2022-02-21 21:31:00
727;NULL;7;727;0;11;2021-09-13 13:45:00;2021-09-13 14:45:00
728;NULL;8;728;2;11;2022-05-11 11:18:00;2022-05-11 12:18:00
729;NULL;9;729;1;11;2022-01-12 17:13:00;2022-01-12 18:13:00
730;NULL;10;730;0;11;2022-03-03 12:29:00;2022-03-03 13:29:00
731;NULL;11;731;2;11;2021-04-27 19:15:00;2021-04-27 21:15:00
732;NULL;12;732;0;11;2022-04-25 16:17:00;2022-04-25 18:17:00
733;NULL;13;733;1;11;2022-11-22 11:15:00;2022-11-22 13:15:00
734;NULL;14;734;1;11;2021-08-21 16:17:00;2021-08-21 19:17:00
735;NULL;15;735;1;11;2022-12-21 14:22:00;2022-12-21 17:22:00
736;NULL;16;736;1;11;2022-12-28 18:37:00;2022-12-28 20:37:00
737;NULL;17;737;0;11;2021-11-12 16:03:00;2021-11-12 18:03:00
738;NULL;18;738;1;11;2022-05-15 12:22:00;2022-05-15 15:22:00
739;NULL;19;739;1;11;2022-07-08 18:19:00;2022-07-08 19:19:00
740;NULL;20;740;1;11;2022-02-26 18:15:00;2022-02-26 20:15:00
741;NULL;1;741;2;11;2021-04-16 14:10:00;2021-04-16 16:10:00
742;NULL;2;742;2;11;2021-03-06 17:12:00;2021-03-06 18:12:00
743;NULL;3;743;2;11;2021-02-05 18:10:00;2021-02-05 21:10:00
744;NULL;4;744;0;11;2021-08-11 15:38:00;2021-08-11 16:38:00
745;NULL;5;745;1;11;2021-12-16 10:23:00;2021-12-16 13:23:00
746;NULL;6;746;0;11;2022-05-22 18:55:00;2022-05-22 21:55:00
747;NULL;7;747;0;11;2022-12-05 19:36:00;2022-12-05 22:36:00
748;NULL;8;748;0;11;2021-09-18 15:25:00;2021-09-18 18:25:00
749;NULL;9;749;2;11;2021-11-20 10:36:00;2021-11-20 13:36:00
750;NULL;10;750;0;11;2022-01-11 18:59:00;2022-01-11 21:59:00
751;NULL;11;751;2;6;2021-03-04 11:40:00;2021-03-04 12:40:00
752;NULL;12;752;0;22;2021-05-18 18:50:00;2021-05-18 20:50:00
753;NULL;13;753;1;3;2021-10-13 15:26:00;2021-10-13 17:26:00
754;NULL;14;754;0;6;2021-06-15 15:09:00;2021-06-15 18:09:00
755;NULL;15;755;0;14;2021-08-16 18:59:00;2021-08-16 21:59:00
756;NULL;16;756;1;26;2021-01-12 11:45:00;2021-01-12 13:45:00
757;NULL;17;757;2;18;2021-11-23 17:23:00;2021-11-23 18:23:00
758;NULL;18;758;0;7;2021-02-04 15:37:00;2021-02-04 16:37:00
759;NULL;19;759;1;3;2021-11-23 15:13:00;2021-11-23 17:13:00
760;NULL;20;760;1;21;2022-05-08 18:00:00;2022-05-08 20:00:00
761;NULL;1;761;2;14;2021-11-10 14:24:00;2021-11-10 15:24:00
762;NULL;2;762;0;26;2021-11-07 19:42:00;2021-11-07 22:42:00
763;NULL;3;763;1;29;2022-02-06 20:51:00;2022-02-06 23:51:00
764;NULL;4;764;0;3;2022-04-21 11:26:00;2022-04-21 13:26:00
765;NULL;5;765;1;3;2021-01-09 10:29:00;2021-01-09 13:29:00
766;NULL;6;766;1;16;2022-03-15 18:58:00;2022-03-15 21:58:00
767;NULL;7;767;0;27;2022-05-02 17:33:00;2022-05-02 20:33:00
768;NULL;8;768;2;29;2021-08-16 11:49:00;2021-08-16 12:49:00
769;NULL;9;769;0;7;2021-11-25 20:52:00;2021-11-25 23:52:00
770;NULL;10;770;0;15;2022-05-16 14:12:00;2022-05-16 16:12:00
771;NULL;11;771;2;24;2022-04-07 10:11:00;2022-04-07 12:11:00
772;NULL;12;772;0;12;2021-01-11 21:43:00;2021-01-11 23:43:00
773;NULL;13;773;0;6;2021-03-12 11:34:00;2021-03-12 12:34:00
774;NULL;14;774;0;30;2021-06-15 19:54:00;2021-06-15 20:54:00
775;NULL;15;775;1;13;2022-03-21 14:42:00;2022-03-21 16:42:00
776;NULL;16;776;1;17;2022-01-15 12:58:00;2022-01-15 13:58:00
777;NULL;17;777;0;9;2021-04-22 16:10:00;2021-04-22 19:10:00
778;NULL;18;778;1;11;2022-12-20 12:29:00;2022-12-20 13:29:00
779;NULL;19;779;2;7;2022-09-09 14:43:00;2022-09-09 16:43:00
780;NULL;20;780;0;15;2022-09-15 13:26:00;2022-09-15 14:26:00
781;NULL;1;781;2;13;2022-04-22 18:05:00;2022-04-22 19:05:00
782;NULL;2;782;2;13;2021-08-05 13:13:00;2021-08-05 14:13:00
783;NULL;3;783;1;10;2021-07-05 12:23:00;2021-07-05 14:23:00
784;NULL;4;784;2;10;2021-12-24 21:09:00;2021-12-25 00:09:00
785;NULL;5;785;2;30;2021-09-07 17:41:00;2021-09-07 18:41:00
786;NULL;6;786;1;11;2021-05-03 10:52:00;2021-05-03 13:52:00
787;NULL;7;787;2;18;2021-06-15 18:03:00;2021-06-15 21:03:00
788;NULL;8;788;2;29;2021-09-23 14:39:00;2021-09-23 15:39:00
789;NULL;9;789;1;25;2021-05-11 16:03:00;2021-05-11 17:03:00
790;NULL;10;790;2;20;2022-02-13 16:39:00;2022-02-13 19:39:00
791;NULL;11;791;0;22;2022-02-24 10:33:00;2022-02-24 13:33:00
792;NULL;12;792;0;27;2022-05-06 18:51:00;2022-05-06 19:51:00
793;NULL;13;793;2;14;2021-06-07 18:58:00;2021-06-07 21:58:00
794;NULL;14;794;1;2;2022-10-17 13:19:00;2022-10-17 15:19:00
795;NULL;15;795;2;18;2021-03-04 17:27:00;2021-03-04 18:27:00
796;NULL;16;796;1;20;2021-02-25 10:41:00;2021-02-25 12:41:00
797;NULL;17;797;0;20;2021-03-13 13:48:00;2021-03-13 15:48:00
798;NULL;18;798;2;12;2021-09-27 21:18:00;2021-09-28 00:18:00
799;NULL;19;799;2;7;2021-12-01 12:29:00;2021-12-01 14:29:00
800;NULL;20;800;2;15;2021-08-08 15:03:00;2021-08-08 18:03:00
801;NULL;1;801;1;27;2022-12-01 13:25:00;2022-12-01 15:25:00
802;NULL;2;802;1;28;2022-03-05 12:42:00;2022-03-05 15:42:00
803;NULL;3;803;2;26;2022-02-13 14:42:00;2022-02-13 16:42:00
804;NULL;4;804;1;8;2022-06-12 16:27:00;2022-06-12 18:27:00
805;NULL;5;805;0;26;2022-09-15 19:11:00;2022-09-15 22:11:00
806;NULL;6;806;0;25;2022-11-25 11:04:00;2022-11-25 12:04:00
807;NULL;7;807;1;17;2022-12-12 11:45:00;2022-12-12 12:45:00
808;NULL;8;808;2;15;2022-05-11 17:00:00;2022-05-11 20:00:00
809;NULL;9;809;1;25;2022-06-28 21:19:00;2022-06-28 22:19:00
810;NULL;10;810;0;12;2021-05-19 11:19:00;2021-05-19 13:19:00
811;NULL;11;811;1;4;2022-09-18 12:59:00;2022-09-18 13:59:00
812;NULL;12;812;0;4;2021-03-15 13:31:00;2021-03-15 16:31:00
813;NULL;13;813;0;18;2021-10-25 13:12:00;2021-10-25 14:12:00
814;NULL;14;814;1;5;2022-02-09 14:21:00;2022-02-09 15:21:00
815;NULL;15;815;1;21;2021-03-25 14:54:00;2021-03-25 15:54:00
816;NULL;16;816;0;29;2021-10-06 13:12:00;2021-10-06 15:12:00
817;NULL;17;817;0;29;2021-07-02 20:02:00;2021-07-02 22:02:00
818;NULL;18;818;0;27;2022-09-25 16:43:00;2022-09-25 19:43:00
819;NULL;19;819;0;15;2022-12-09 14:08:00;2022-12-09 15:08:00
820;NULL;20;820;2;24;2022-09-19 18:29:00;2022-09-19 20:29:00
821;NULL;1;821;0;14;2021-08-26 11:55:00;2021-08-26 13:55:00
822;NULL;2;822;2;3;2021-04-15 20:45:00;2021-04-15 23:45:00
823;NULL;3;823;1;5;2022-02-26 18:52:00;2022-02-26 20:52:00
824;NULL;4;824;0;3;2022-02-25 21:33:00;2022-02-25 22:33:00
825;NULL;5;825;1;10;2022-06-03 10:50:00;2022-06-03 11:50:00
826;NULL;6;826;2;2;2021-01-12 16:09:00;2021-01-12 18:09:00
827;NULL;7;827;1;21;2021-07-25 17:42:00;2021-07-25 18:42:00
828;NULL;8;828;2;9;2022-06-08 17:19:00;2022-06-08 19:19:00
829;NULL;9;829;2;4;2022-07-13 16:53:00;2022-07-13 18:53:00
830;NULL;10;830;0;30;2021-12-25 16:20:00;2021-12-25 17:20:00
831;NULL;11;831;1;24;2022-04-05 20:48:00;2022-04-05 22:48:00
832;NULL;12;832;1;23;2021-03-02 15:57:00;2021-03-02 18:57:00
833;NULL;13;833;1;26;2021-03-09 18:23:00;2021-03-09 20:23:00
834;NULL;14;834;2;18;2021-11-25 21:47:00;2021-11-25 23:47:00
835;NULL;15;835;2;18;2021-02-24 12:07:00;2021-02-24 13:07:00
836;NULL;16;836;1;13;2021-05-15 16:37:00;2021-05-15 17:37:00
837;NULL;17;837;2;27;2022-07-27 10:23:00;2022-07-27 11:23:00
838;NULL;18;838;1;19;2022-07-20 16:59:00;2022-07-20 19:59:00
839;NULL;19;839;1;29;2021-11-24 12:26:00;2021-11-24 15:26:00
840;NULL;20;840;0;3;2021-02-02 20:50:00;2021-02-02 23:50:00
841;NULL;1;841;0;7;2021-10-14 12:57:00;2021-10-14 13:57:00
842;NULL;2;842;0;13;2022-03-18 11:12:00;2022-03-18 14:12:00
843;NULL;3;843;2;11;2021-05-06 19:02:00;2021-05-06 22:02:00
844;NULL;4;844;0;29;2022-06-03 10:53:00;2022-06-03 11:53:00
845;NULL;5;845;0;25;2022-10-20 10:45:00;2022-10-20 11:45:00
846;NULL;6;846;0;6;2021-11-14 21:30:00;2021-11-15 00:30:00
847;NULL;7;847;1;26;2022-07-15 17:17:00;2022-07-15 20:17:00
848;NULL;8;848;0;2;2021-03-18 12:58:00;2021-03-18 13:58:00
849;NULL;9;849;0;16;2022-11-01 18:18:00;2022-11-01 19:18:00
850;NULL;10;850;1;16;2022-10-25 13:13:00;2022-10-25 15:13:00
851;NULL;11;851;1;13;2021-02-26 11:34:00;2021-02-26 14:34:00
852;NULL;12;852;0;20;2021-09-16 17:23:00;2021-09-16 19:23:00
853;NULL;13;853;1;22;2022-02-11 18:45:00;2022-02-11 20:45:00
854;NULL;14;854;0;28;2022-03-18 13:22:00;2022-03-18 14:22:00
855;NULL;15;855;1;16;2022-10-21 17:12:00;2022-10-21 20:12:00
856;NULL;16;856;2;2;2021-08-21 16:04:00;2021-08-21 17:04:00
857;NULL;17;857;1;17;2021-12-02 15:51:00;2021-12-02 17:51:00
858;NULL;18;858;0;7;2021-02-07 19:26:00;2021-02-07 20:26:00
859;NULL;19;859;2;18;2021-09-03 13:00:00;2021-09-03 15:00:00
860;NULL;20;860;0;18;2021-09-16 17:02:00;2021-09-16 19:02:00
861;NULL;1;861;1;18;2022-06-14 16:34:00;2022-06-14 18:34:00
862;NULL;2;862;1;20;2021-04-13 14:36:00;2021-04-13 16:36:00
863;NULL;3;863;0;30;2021-02-09 18:11:00;2021-02-09 20:11:00
864;NULL;4;864;0;21;2021-06-24 19:39:00;2021-06-24 21:39:00
865;NULL;5;865;1;29;2022-11-23 17:55:00;2022-11-23 18:55:00
866;NULL;6;866;2;20;2022-11-14 13:50:00;2022-11-14 14:50:00
867;NULL;7;867;2;13;2022-09-01 10:51:00;2022-09-01 12:51:00
868;NULL;8;868;1;7;2022-09-15 17:32:00;2022-09-15 18:32:00
869;NULL;9;869;0;10;2021-03-11 19:20:00;2021-03-11 20:20:00
870;NULL;10;870;1;3;2021-01-02 12:46:00;2021-01-02 15:46:00
871;NULL;11;871;0;17;2021-03-17 10:54:00;2021-03-17 13:54:00
872;NULL;12;872;0;25;2022-05-24 17:47:00;2022-05-24 18:47:00
873;NULL;13;873;2;8;2022-08-19 16:01:00;2022-08-19 17:01:00
874;NULL;14;874;1;30;2021-04-17 20:03:00;2021-04-17 21:03:00
875;NULL;15;875;1;4;2021-09-13 11:33:00;2021-09-13 12:33:00
876;NULL;16;876;2;9;2022-11-23 21:35:00;2022-11-23 23:35:00
877;NULL;17;877;1;27;2022-04-20 17:54:00;2022-04-20 20:54:00
878;NULL;18;878;1;25;2022-03-10 13:30:00;2022-03-10 16:30:00
879;NULL;19;879;2;21;2021-06-28 11:45:00;2021-06-28 13:45:00
880;NULL;20;880;1;30;2022-08-14 17:21:00;2022-08-14 20:21:00
881;NULL;1;881;0;16;2022-12-10 17:42:00;2022-12-10 19:42:00
882;NULL;2;882;2;25;2022-02-02 20:59:00;2022-02-02 22:59:00
883;NULL;3;883;0;18;2021-11-07 14:14:00;2021-11-07 15:14:00
884;NULL;4;884;0;23;2021-03-21 15:28:00;2021-03-21 17:28:00
885;NULL;5;885;1;16;2022-01-17 15:46:00;2022-01-17 18:46:00
886;NULL;6;886;0;3;2021-04-27 10:53:00;2021-04-27 13:53:00
887;NULL;7;887;0;9;2022-02-15 16:07:00;2022-02-15 17:07:00
888;NULL;8;888;2;13;2021-11-28 16:10:00;2021-11-28 18:10:00
889;NULL;9;889;1;25;2021-02-27 19:13:00;2021-02-27 21:13:00
890;NULL;10;890;1;28;2022-01-24 19:11:00;2022-01-24 21:11:00
891;NULL;11;891;0;5;2022-05-01 11:21:00;2022-05-01 12:21:00
892;NULL;12;892;0;8;2021-04-04 12:07:00;2021-04-04 13:07:00
893;NULL;13;893;1;15;2022-04-28 11:18:00;2022-04-28 13:18:00
894;NULL;14;894;0;4;2021-11-08 19:30:00;2021-11-08 20:30:00
895;NULL;15;895;1;8;2021-09-14 14:29:00;2021-09-14 17:29:00
896;NULL;16;896;0;17;2022-01-16 13:24:00;2022-01-16 14:24:00
897;NULL;17;897;0;26;2022-12-22 21:09:00;2022-12-23 00:09:00
898;NULL;18;898;2;25;2022-01-23 11:02:00;2022-01-23 12:02:00
899;NULL;19;899;0;18;2021-11-08 10:31:00;2021-11-08 13:31:00
900;NULL;20;900;2;5;2022-03-03 12:42:00;2022-03-03 15:42:00
901;NULL;1;901;1;6;2022-10-18 14:05:00;2022-10-18 16:05:00
902;NULL;2;902;1;16;2021-05-27 19:41:00;2021-05-27 20:41:00
903;NULL;3;903;1;27;2022-02-17 17:10:00;2022-02-17 19:10:00
904;NULL;4;904;0;9;2022-10-21 20:55:00;2022-10-21 23:55:00
905;NULL;5;905;1;25;2021-12-15 15:01:00;2021-12-15 18:01:00
906;NULL;6;906;1;5;2021-12-10 16:09:00;2021-12-10 19:09:00
907;NULL;7;907;0;27;2022-10-24 19:31:00;2022-10-24 21:31:00
908;NULL;8;908;1;24;2021-01-02 21:37:00;2021-01-02 23:37:00
909;NULL;9;909;0;20;2022-04-25 15:48:00;2022-04-25 18:48:00
910;NULL;10;910;0;3;2021-07-09 19:20:00;2021-07-09 22:20:00
911;NULL;11;911;1;30;2022-12-10 10:45:00;2022-12-10 12:45:00
912;NULL;12;912;1;26;2022-07-07 21:58:00;2022-07-07 23:58:00
913;NULL;13;913;0;18;2021-10-13 11:45:00;2021-10-13 12:45:00
914;NULL;14;914;2;2;2021-05-13 16:06:00;2021-05-13 17:06:00
915;NULL;15;915;2;8;2022-02-08 18:38:00;2022-02-08 19:38:00
916;NULL;16;916;0;19;2022-11-05 17:47:00;2022-11-05 18:47:00
917;NULL;17;917;1;4;2022-07-16 10:09:00;2022-07-16 11:09:00
918;NULL;18;918;1;22;2021-10-21 18:37:00;2021-10-21 19:37:00
919;NULL;19;919;2;21;2021-09-15 14:29:00;2021-09-15 16:29:00
920;NULL;20;920;2;15;2022-10-04 10:47:00;2022-10-04 11:47:00
921;NULL;1;921;0;28;2022-11-02 11:20:00;2022-11-02 12:20:00
922;NULL;2;922;1;7;2022-07-15 21:54:00;2022-07-16 00:54:00
923;NULL;3;923;0;22;2022-04-04 11:44:00;2022-04-04 14:44:00
924;NULL;4;924;2;28;2021-07-11 21:21:00;2021-07-12 00:21:00
925;NULL;5;925;2;16;2021-11-12 13:08:00;2021-11-12 14:08:00
926;NULL;6;926;1;7;2021-08-22 13:15:00;2021-08-22 15:15:00
927;NULL;7;927;2;15;2022-11-07 16:58:00;2022-11-07 18:58:00
928;NULL;8;928;0;25;2022-05-16 17:08:00;2022-05-16 19:08:00
929;NULL;9;929;2;23;2022-02-07 20:47:00;2022-02-07 21:47:00
930;NULL;10;930;1;16;2021-11-20 11:53:00;2021-11-20 13:53:00
931;NULL;11;931;1;18;2021-02-06 11:50:00;2021-02-06 13:50:00
932;NULL;12;932;2;11;2021-07-21 13:34:00;2021-07-21 14:34:00
933;NULL;13;933;2;18;2022-12-12 16:28:00;2022-12-12 18:28:00
934;NULL;14;934;2;7;2022-05-15 19:22:00;2022-05-15 21:22:00
935;NULL;15;935;1;11;2021-02-13 13:28:00;2021-02-13 16:28:00
936;NULL;16;936;0;18;2022-04-20 10:45:00;2022-04-20 12:45:00
937;NULL;17;937;1;26;2022-10-14 15:22:00;2022-10-14 16:22:00
938;NULL;18;938;0;5;2022-04-12 12:04:00;2022-04-12 14:04:00
939;NULL;19;939;2;2;2021-03-21 18:42:00;2021-03-21 20:42:00
940;NULL;20;940;1;11;2022-06-28 16:28:00;2022-06-28 18:28:00
941;NULL;1;941;0;30;2021-09-25 15:01:00;2021-09-25 17:01:00
942;NULL;2;942;1;30;2022-04-22 11:18:00;2022-04-22 13:18:00
943;NULL;3;943;1;13;2021-07-01 16:14:00;2021-07-01 18:14:00
944;NULL;4;944;2;6;2022-10-23 17:02:00;2022-10-23 19:02:00
945;NULL;5;945;1;12;2021-07-02 21:19:00;2021-07-02 23:19:00
946;NULL;6;946;2;20;2022-06-11 15:39:00;2022-06-11 18:39:00
947;NULL;7;947;1;23;2021-09-11 12:19:00;2021-09-11 14:19:00
948;NULL;8;948;0;8;2021-11-08 18:14:00;2021-11-08 19:14:00
949;NULL;9;949;1;18;2022-06-14 10:56:00;2022-06-14 12:56:00
950;NULL;10;950;1;21;2022-06-02 11:25:00;2022-06-02 13:25:00
951;NULL;11;951;2;24;2021-02-14 11:56:00;2021-02-14 14:56:00
952;NULL;12;952;0;4;2021-07-22 16:47:00;2021-07-22 18:47:00
953;NULL;13;953;0;6;2021-07-27 10:26:00;2021-07-27 11:26:00
954;NULL;14;954;2;29;2022-03-11 20:44:00;2022-03-11 22:44:00
955;NULL;15;955;1;22;2022-02-04 20:36:00;2022-02-04 22:36:00
956;NULL;16;956;2;9;2022-10-23 16:22:00;2022-10-23 19:22:00
957;NULL;17;957;0;12;2021-07-01 15:20:00;2021-07-01 18:20:00
958;NULL;18;958;2;30;2022-10-20 20:15:00;2022-10-20 23:15:00
959;NULL;19;959;1;23;2021-09-18 20:29:00;2021-09-18 23:29:00
960;NULL;20;960;2;11;2022-03-07 20:04:00;2022-03-07 21:04:00
961;NULL;1;961;2;15;2022-02-19 10:36:00;2022-02-19 13:36:00
962;NULL;2;962;2;3;2022-12-20 14:51:00;2022-12-20 15:51:00
963;NULL;3;963;0;4;2021-05-18 20:53:00;2021-05-18 23:53:00
964;NULL;4;964;1;9;2021-12-16 15:07:00;2021-12-16 17:07:00
965;NULL;5;965;0;25;2021-09-27 13:33:00;2021-09-27 14:33:00
966;NULL;6;966;0;6;2022-12-26 11:07:00;2022-12-26 13:07:00
967;NULL;7;967;2;21;2022-04-04 17:17:00;2022-04-04 18:17:00
968;NULL;8;968;2;9;2021-02-07 17:32:00;2021-02-07 20:32:00
969;NULL;9;969;0;25;2021-01-18 13:45:00;2021-01-18 14:45:00
970;NULL;10;970;1;8;2021-11-10 19:59:00;2021-11-10 21:59:00
971;NULL;11;971;0;7;2021-04-07 13:16:00;2021-04-07 15:16:00
972;NULL;12;972;1;3;2022-03-05 17:45:00;2022-03-05 18:45:00
973;NULL;13;973;2;5;2022-11-10 12:28:00;2022-11-10 13:28:00
974;NULL;14;974;2;5;2021-11-05 19:22:00;2021-11-05 22:22:00
975;NULL;15;975;0;3;2022-03-06 15:51:00;2022-03-06 18:51:00
976;NULL;16;976;0;6;2021-08-07 11:25:00;2021-08-07 14:25:00
977;NULL;17;977;0;9;2021-09-17 12:58:00;2021-09-17 13:58:00
978;NULL;18;978;1;7;2022-11-05 20:01:00;2022-11-05 23:01:00
979;NULL;19;979;0;6;2021-03-03 14:15:00;2021-03-03 15:15:00
980;NULL;20;980;0;23;2021-07-27 19:46:00;2021-07-27 21:46:00
981;NULL;1;981;2;22;2021-01-09 18:11:00;2021-01-09 19:11:00
982;NULL;2;982;0;10;2021-06-18 14:04:00;2021-06-18 17:04:00
983;NULL;3;983;2;3;2022-01-03 17:33:00;2022-01-03 18:33:00
984;NULL;4;984;0;28;2022-09-06 16:17:00;2022-09-06 19:17:00
985;NULL;5;985;2;13;2022-10-16 21:02:00;2022-10-17 00:02:00
986;NULL;6;986;0;11;2022-11-26 14:23:00;2022-11-26 16:23:00
987;NULL;7;987;1;29;2022-04-13 16:43:00;2022-04-13 19:43:00
988;NULL;8;988;0;16;2021-02-09 18:10:00;2021-02-09 21:10:00
989;NULL;9;989;2;27;2021-08-14 13:30:00;2021-08-14 15:30:00
990;NULL;10;990;0;17;2022-05-19 17:34:00;2022-05-19 20:34:00
991;NULL;11;991;1;7;2021-07-11 16:46:00;2021-07-11 18:46:00
992;NULL;12;992;2;15;2022-08-14 19:28:00;2022-08-14 22:28:00
993;NULL;13;993;2;20;2022-05-14 12:32:00;2022-05-14 14:32:00
994;NULL;14;994;2;27;2021-07-13 17:28:00;2021-07-13 20:28:00
995;NULL;15;995;0;3;2021-04-27 17:10:00;2021-04-27 18:10:00
996;NULL;16;996;0;15;2022-06-22 16:50:00;2022-06-22 18:50:00
997;NULL;17;997;0;5;2022-12-07 15:04:00;2022-12-07 16:04:00
998;NULL;18;998;2;3;2021-09-23 21:42:00;2021-09-23 22:42:00
999;NULL;19;999;2;19;2021-12-27 14:26:00;2021-12-27 17:26:00
1000;NULL;20;1000;0;18;2021-04-06 18:03:00;2021-04-06 21:03:00
