IdReservationCompanyEmployee;IdReservation;IdCompanyEmployee
1;501;1
2;501;2
3;501;3
4;501;4
5;501;5
6;501;6
7;501;7
8;501;8
9;501;9
10;501;10
11;502;11
12;502;12
13;502;13
14;502;14
15;502;15
16;502;16
17;502;17
18;502;18
19;502;19
20;502;20
21;503;21
22;503;22
23;503;23
24;503;24
25;503;25
26;503;26
27;503;27
28;503;28
29;503;29
30;503;30
31;504;31
32;504;32
33;504;33
34;504;34
35;504;35
36;504;36
37;504;37
38;504;38
39;504;39
40;504;40
41;505;41
42;505;42
43;505;43
44;505;44
45;505;45
46;505;46
47;505;47
48;505;48
49;505;49
50;505;50
51;506;51
52;506;52
53;506;53
54;506;54
55;506;55
56;506;56
57;506;57
58;506;58
59;506;59
60;506;60
61;507;61
62;507;62
63;507;63
64;507;64
65;507;65
66;507;66
67;507;67
68;507;68
69;507;69
70;507;70
71;508;71
72;508;72
73;508;73
74;508;74
75;508;75
76;508;76
77;508;77
78;508;78
79;508;79
80;508;80
81;509;81
82;509;82
83;509;83
84;509;84
85;509;85
86;509;86
87;509;87
88;509;88
89;509;89
90;509;90
91;510;91
92;510;92
93;510;93
94;510;94
95;510;95
96;510;96
97;510;97
98;510;98
99;510;99
100;510;100
101;511;101
102;511;102
103;511;103
104;511;104
105;511;105
106;511;106
107;511;107
108;511;108
109;511;109
110;511;110
111;512;111
112;512;112
113;512;113
114;512;114
115;512;115
116;512;116
117;512;117
118;512;118
119;512;119
120;512;120
121;513;121
122;513;122
123;513;123
124;513;124
125;513;125
126;513;126
127;513;127
128;513;128
129;513;129
130;513;130
131;514;131
132;514;132
133;514;133
134;514;134
135;514;135
136;514;136
137;514;137
138;514;138
139;514;139
140;514;140
141;515;141
142;515;142
143;515;143
144;515;144
145;515;145
146;515;146
147;515;147
148;515;148
149;515;149
150;515;150
151;516;151
152;516;152
153;516;153
154;516;154
155;516;155
156;516;156
157;516;157
158;516;158
159;516;159
160;516;160
161;517;161
162;517;162
163;517;163
164;517;164
165;517;165
166;517;166
167;517;167
168;517;168
169;517;169
170;517;170
171;518;171
172;518;172
173;518;173
174;518;174
175;518;175
176;518;176
177;518;177
178;518;178
179;518;179
180;518;180
181;519;181
182;519;182
183;519;183
184;519;184
185;519;185
186;519;186
187;519;187
188;519;188
189;519;189
190;519;190
191;520;191
192;520;192
193;520;193
194;520;194
195;520;195
196;520;196
197;520;197
198;520;198
199;520;199
200;520;200
201;521;201
202;521;202
203;521;203
204;521;204
205;521;205
206;521;206
207;521;207
208;521;208
209;521;209
210;521;210
211;522;211
212;522;212
213;522;213
214;522;214
215;522;215
216;522;216
217;522;217
218;522;218
219;522;219
220;522;220
221;523;221
222;523;222
223;523;223
224;523;224
225;523;225
226;523;226
227;523;227
228;523;228
229;523;229
230;523;230
231;524;231
232;524;232
233;524;233
234;524;234
235;524;235
236;524;236
237;524;237
238;524;238
239;524;239
240;524;240
241;525;241
242;525;242
243;525;243
244;525;244
245;525;245
246;525;246
247;525;247
248;525;248
249;525;249
250;525;250
251;526;251
252;526;252
253;526;253
254;526;254
255;526;255
256;526;256
257;526;257
258;526;258
259;526;259
260;526;260
261;527;261
262;527;262
263;527;263
264;527;264
265;527;265
266;527;266
267;527;267
268;527;268
269;527;269
270;527;270
271;528;271
272;528;272
273;528;273
274;528;274
275;528;275
276;528;276
277;528;277
278;528;278
279;528;279
280;528;280
281;529;281
282;529;282
283;529;283
284;529;284
285;529;285
286;529;286
287;529;287
288;529;288
289;529;289
290;529;290
291;530;291
292;530;292
293;530;293
294;530;294
295;530;295
296;530;296
297;530;297
298;530;298
299;530;299
300;530;300
301;531;301
302;531;302
303;531;303
304;531;304
305;531;305
306;531;306
307;531;307
308;531;308
309;531;309
310;531;310
311;532;311
312;532;312
313;532;313
314;532;314
315;532;315
316;532;316
317;532;317
318;532;318
319;532;319
320;532;320
321;533;321
322;533;322
323;533;323
324;533;324
325;533;325
326;533;326
327;533;327
328;533;328
329;533;329
330;533;330
331;534;331
332;534;332
333;534;333
334;534;334
335;534;335
336;534;336
337;534;337
338;534;338
339;534;339
340;534;340
341;535;341
342;535;342
343;535;343
344;535;344
345;535;345
346;535;346
347;535;347
348;535;348
349;535;349
350;535;350
351;536;351
352;536;352
353;536;353
354;536;354
355;536;355
356;536;356
357;536;357
358;536;358
359;536;359
360;536;360
361;537;361
362;537;362
363;537;363
364;537;364
365;537;365
366;537;366
367;537;367
368;537;368
369;537;369
370;537;370
371;538;371
372;538;372
373;538;373
374;538;374
375;538;375
376;538;376
377;538;377
378;538;378
379;538;379
380;538;380
381;539;381
382;539;382
383;539;383
384;539;384
385;539;385
386;539;386
387;539;387
388;539;388
389;539;389
390;539;390
391;540;391
392;540;392
393;540;393
394;540;394
395;540;395
396;540;396
397;540;397
398;540;398
399;540;399
400;540;400
401;541;401
402;541;402
403;541;403
404;541;404
405;541;405
406;541;406
407;541;407
408;541;408
409;541;409
410;541;410
411;542;411
412;542;412
413;542;413
414;542;414
415;542;415
416;542;416
417;542;417
418;542;418
419;542;419
420;542;420
421;543;421
422;543;422
423;543;423
424;543;424
425;543;425
426;543;426
427;543;427
428;543;428
429;543;429
430;543;430
431;544;431
432;544;432
433;544;433
434;544;434
435;544;435
436;544;436
437;544;437
438;544;438
439;544;439
440;544;440
441;545;441
442;545;442
443;545;443
444;545;444
445;545;445
446;545;446
447;545;447
448;545;448
449;545;449
450;545;450
451;546;451
452;546;452
453;546;453
454;546;454
455;546;455
456;546;456
457;546;457
458;546;458
459;546;459
460;546;460
461;547;461
462;547;462
463;547;463
464;547;464
465;547;465
466;547;466
467;547;467
468;547;468
469;547;469
470;547;470
471;548;471
472;548;472
473;548;473
474;548;474
475;548;475
476;548;476
477;548;477
478;548;478
479;548;479
480;548;480
481;549;481
482;549;482
483;549;483
484;549;484
485;549;485
486;549;486
487;549;487
488;549;488
489;549;489
490;549;490
491;550;491
492;550;492
493;550;493
494;550;494
495;550;495
496;550;496
497;550;497
498;550;498
499;550;499
500;550;500
501;551;501
502;551;502
503;551;503
504;551;504
505;551;505
506;551;506
507;551;507
508;551;508
509;551;509
510;551;510
511;552;511
512;552;512
513;552;513
514;552;514
515;552;515
516;552;516
517;552;517
518;552;518
519;552;519
520;552;520
521;553;521
522;553;522
523;553;523
524;553;524
525;553;525
526;553;526
527;553;527
528;553;528
529;553;529
530;553;530
531;554;531
532;554;532
533;554;533
534;554;534
535;554;535
536;554;536
537;554;537
538;554;538
539;554;539
540;554;540
541;555;541
542;555;542
543;555;543
544;555;544
545;555;545
546;555;546
547;555;547
548;555;548
549;555;549
550;555;550
551;556;551
552;556;552
553;556;553
554;556;554
555;556;555
556;556;556
557;556;557
558;556;558
559;556;559
560;556;560
561;557;561
562;557;562
563;557;563
564;557;564
565;557;565
566;557;566
567;557;567
568;557;568
569;557;569
570;557;570
571;558;571
572;558;572
573;558;573
574;558;574
575;558;575
576;558;576
577;558;577
578;558;578
579;558;579
580;558;580
581;559;581
582;559;582
583;559;583
584;559;584
585;559;585
586;559;586
587;559;587
588;559;588
589;559;589
590;559;590
591;560;591
592;560;592
593;560;593
594;560;594
595;560;595
596;560;596
597;560;597
598;560;598
599;560;599
600;560;600
601;561;1
602;561;2
603;561;3
604;561;4
605;561;5
606;561;6
607;561;7
608;561;8
609;561;9
610;561;10
611;562;11
612;562;12
613;562;13
614;562;14
615;562;15
616;562;16
617;562;17
618;562;18
619;562;19
620;562;20
621;563;21
622;563;22
623;563;23
624;563;24
625;563;25
626;563;26
627;563;27
628;563;28
629;563;29
630;563;30
631;564;31
632;564;32
633;564;33
634;564;34
635;564;35
636;564;36
637;564;37
638;564;38
639;564;39
640;564;40
641;565;41
642;565;42
643;565;43
644;565;44
645;565;45
646;565;46
647;565;47
648;565;48
649;565;49
650;565;50
651;566;51
652;566;52
653;566;53
654;566;54
655;566;55
656;566;56
657;566;57
658;566;58
659;566;59
660;566;60
661;567;61
662;567;62
663;567;63
664;567;64
665;567;65
666;567;66
667;567;67
668;567;68
669;567;69
670;567;70
671;568;71
672;568;72
673;568;73
674;568;74
675;568;75
676;568;76
677;568;77
678;568;78
679;568;79
680;568;80
681;569;81
682;569;82
683;569;83
684;569;84
685;569;85
686;569;86
687;569;87
688;569;88
689;569;89
690;569;90
691;570;91
692;570;92
693;570;93
694;570;94
695;570;95
696;570;96
697;570;97
698;570;98
699;570;99
700;570;100
701;571;101
702;571;102
703;571;103
704;571;104
705;571;105
706;571;106
707;571;107
708;571;108
709;571;109
710;571;110
711;572;111
712;572;112
713;572;113
714;572;114
715;572;115
716;572;116
717;572;117
718;572;118
719;572;119
720;572;120
721;573;121
722;573;122
723;573;123
724;573;124
725;573;125
726;573;126
727;573;127
728;573;128
729;573;129
730;573;130
731;574;131
732;574;132
733;574;133
734;574;134
735;574;135
736;574;136
737;574;137
738;574;138
739;574;139
740;574;140
741;575;141
742;575;142
743;575;143
744;575;144
745;575;145
746;575;146
747;575;147
748;575;148
749;575;149
750;575;150
751;576;151
752;576;152
753;576;153
754;576;154
755;576;155
756;576;156
757;576;157
758;576;158
759;576;159
760;576;160
761;577;161
762;577;162
763;577;163
764;577;164
765;577;165
766;577;166
767;577;167
768;577;168
769;577;169
770;577;170
771;578;171
772;578;172
773;578;173
774;578;174
775;578;175
776;578;176
777;578;177
778;578;178
779;578;179
780;578;180
781;579;181
782;579;182
783;579;183
784;579;184
785;579;185
786;579;186
787;579;187
788;579;188
789;579;189
790;579;190
791;580;191
792;580;192
793;580;193
794;580;194
795;580;195
796;580;196
797;580;197
798;580;198
799;580;199
800;580;200
801;581;201
802;581;202
803;581;203
804;581;204
805;581;205
806;581;206
807;581;207
808;581;208
809;581;209
810;581;210
811;582;211
812;582;212
813;582;213
814;582;214
815;582;215
816;582;216
817;582;217
818;582;218
819;582;219
820;582;220
821;583;221
822;583;222
823;583;223
824;583;224
825;583;225
826;583;226
827;583;227
828;583;228
829;583;229
830;583;230
831;584;231
832;584;232
833;584;233
834;584;234
835;584;235
836;584;236
837;584;237
838;584;238
839;584;239
840;584;240
841;585;241
842;585;242
843;585;243
844;585;244
845;585;245
846;585;246
847;585;247
848;585;248
849;585;249
850;585;250
851;586;251
852;586;252
853;586;253
854;586;254
855;586;255
856;586;256
857;586;257
858;586;258
859;586;259
860;586;260
861;587;261
862;587;262
863;587;263
864;587;264
865;587;265
866;587;266
867;587;267
868;587;268
869;587;269
870;587;270
871;588;271
872;588;272
873;588;273
874;588;274
875;588;275
876;588;276
877;588;277
878;588;278
879;588;279
880;588;280
881;589;281
882;589;282
883;589;283
884;589;284
885;589;285
886;589;286
887;589;287
888;589;288
889;589;289
890;589;290
891;590;291
892;590;292
893;590;293
894;590;294
895;590;295
896;590;296
897;590;297
898;590;298
899;590;299
900;590;300
901;591;301
902;591;302
903;591;303
904;591;304
905;591;305
906;591;306
907;591;307
908;591;308
909;591;309
910;591;310
911;592;311
912;592;312
913;592;313
914;592;314
915;592;315
916;592;316
917;592;317
918;592;318
919;592;319
920;592;320
921;593;321
922;593;322
923;593;323
924;593;324
925;593;325
926;593;326
927;593;327
928;593;328
929;593;329
930;593;330
931;594;331
932;594;332
933;594;333
934;594;334
935;594;335
936;594;336
937;594;337
938;594;338
939;594;339
940;594;340
941;595;341
942;595;342
943;595;343
944;595;344
945;595;345
946;595;346
947;595;347
948;595;348
949;595;349
950;595;350
951;596;351
952;596;352
953;596;353
954;596;354
955;596;355
956;596;356
957;596;357
958;596;358
959;596;359
960;596;360
961;597;361
962;597;362
963;597;363
964;597;364
965;597;365
966;597;366
967;597;367
968;597;368
969;597;369
970;597;370
971;598;371
972;598;372
973;598;373
974;598;374
975;598;375
976;598;376
977;598;377
978;598;378
979;598;379
980;598;380
981;599;381
982;599;382
983;599;383
984;599;384
985;599;385
986;599;386
987;599;387
988;599;388
989;599;389
990;599;390
991;600;391
992;600;392
993;600;393
994;600;394
995;600;395
996;600;396
997;600;397
998;600;398
999;600;399
1000;600;400
1001;601;401
1002;601;402
1003;601;403
1004;601;404
1005;601;405
1006;601;406
1007;601;407
1008;601;408
1009;601;409
1010;601;410
1011;602;411
1012;602;412
1013;602;413
1014;602;414
1015;602;415
1016;602;416
1017;602;417
1018;602;418
1019;602;419
1020;602;420
1021;603;421
1022;603;422
1023;603;423
1024;603;424
1025;603;425
1026;603;426
1027;603;427
1028;603;428
1029;603;429
1030;603;430
1031;604;431
1032;604;432
1033;604;433
1034;604;434
1035;604;435
1036;604;436
1037;604;437
1038;604;438
1039;604;439
1040;604;440
1041;605;441
1042;605;442
1043;605;443
1044;605;444
1045;605;445
1046;605;446
1047;605;447
1048;605;448
1049;605;449
1050;605;450
1051;606;451
1052;606;452
1053;606;453
1054;606;454
1055;606;455
1056;606;456
1057;606;457
1058;606;458
1059;606;459
1060;606;460
1061;607;461
1062;607;462
1063;607;463
1064;607;464
1065;607;465
1066;607;466
1067;607;467
1068;607;468
1069;607;469
1070;607;470
1071;608;471
1072;608;472
1073;608;473
1074;608;474
1075;608;475
1076;608;476
1077;608;477
1078;608;478
1079;608;479
1080;608;480
1081;609;481
1082;609;482
1083;609;483
1084;609;484
1085;609;485
1086;609;486
1087;609;487
1088;609;488
1089;609;489
1090;609;490
1091;610;491
1092;610;492
1093;610;493
1094;610;494
1095;610;495
1096;610;496
1097;610;497
1098;610;498
1099;610;499
1100;610;500
1101;611;501
1102;611;502
1103;611;503
1104;611;504
1105;611;505
1106;611;506
1107;611;507
1108;611;508
1109;611;509
1110;611;510
1111;612;511
1112;612;512
1113;612;513
1114;612;514
1115;612;515
1116;612;516
1117;612;517
1118;612;518
1119;612;519
1120;612;520
1121;613;521
1122;613;522
1123;613;523
1124;613;524
1125;613;525
1126;613;526
1127;613;527
1128;613;528
1129;613;529
1130;613;530
1131;614;531
1132;614;532
1133;614;533
1134;614;534
1135;614;535
1136;614;536
1137;614;537
1138;614;538
1139;614;539
1140;614;540
1141;615;541
1142;615;542
1143;615;543
1144;615;544
1145;615;545
1146;615;546
1147;615;547
1148;615;548
1149;615;549
1150;615;550
1151;616;551
1152;616;552
1153;616;553
1154;616;554
1155;616;555
1156;616;556
1157;616;557
1158;616;558
1159;616;559
1160;616;560
1161;617;561
1162;617;562
1163;617;563
1164;617;564
1165;617;565
1166;617;566
1167;617;567
1168;617;568
1169;617;569
1170;617;570
1171;618;571
1172;618;572
1173;618;573
1174;618;574
1175;618;575
1176;618;576
1177;618;577
1178;618;578
1179;618;579
1180;618;580
1181;619;581
1182;619;582
1183;619;583
1184;619;584
1185;619;585
1186;619;586
1187;619;587
1188;619;588
1189;619;589
1190;619;590
1191;620;591
1192;620;592
1193;620;593
1194;620;594
1195;620;595
1196;620;596
1197;620;597
1198;620;598
1199;620;599
1200;620;600
1201;621;1
1202;621;2
1203;621;3
1204;621;4
1205;621;5
1206;621;6
1207;621;7
1208;621;8
1209;621;9
1210;621;10
1211;622;11
1212;622;12
1213;622;13
1214;622;14
1215;622;15
1216;622;16
1217;622;17
1218;622;18
1219;622;19
1220;622;20
1221;623;21
1222;623;22
1223;623;23
1224;623;24
1225;623;25
1226;623;26
1227;623;27
1228;623;28
1229;623;29
1230;623;30
1231;624;31
1232;624;32
1233;624;33
1234;624;34
1235;624;35
1236;624;36
1237;624;37
1238;624;38
1239;624;39
1240;624;40
1241;625;41
1242;625;42
1243;625;43
1244;625;44
1245;625;45
1246;625;46
1247;625;47
1248;625;48
1249;625;49
1250;625;50
1251;626;51
1252;626;52
1253;626;53
1254;626;54
1255;626;55
1256;626;56
1257;626;57
1258;626;58
1259;626;59
1260;626;60
1261;627;61
1262;627;62
1263;627;63
1264;627;64
1265;627;65
1266;627;66
1267;627;67
1268;627;68
1269;627;69
1270;627;70
1271;628;71
1272;628;72
1273;628;73
1274;628;74
1275;628;75
1276;628;76
1277;628;77
1278;628;78
1279;628;79
1280;628;80
1281;629;81
1282;629;82
1283;629;83
1284;629;84
1285;629;85
1286;629;86
1287;629;87
1288;629;88
1289;629;89
1290;629;90
1291;630;91
1292;630;92
1293;630;93
1294;630;94
1295;630;95
1296;630;96
1297;630;97
1298;630;98
1299;630;99
1300;630;100
1301;631;101
1302;631;102
1303;631;103
1304;631;104
1305;631;105
1306;631;106
1307;631;107
1308;631;108
1309;631;109
1310;631;110
1311;632;111
1312;632;112
1313;632;113
1314;632;114
1315;632;115
1316;632;116
1317;632;117
1318;632;118
1319;632;119
1320;632;120
1321;633;121
1322;633;122
1323;633;123
1324;633;124
1325;633;125
1326;633;126
1327;633;127
1328;633;128
1329;633;129
1330;633;130
1331;634;131
1332;634;132
1333;634;133
1334;634;134
1335;634;135
1336;634;136
1337;634;137
1338;634;138
1339;634;139
1340;634;140
1341;635;141
1342;635;142
1343;635;143
1344;635;144
1345;635;145
1346;635;146
1347;635;147
1348;635;148
1349;635;149
1350;635;150
1351;636;151
1352;636;152
1353;636;153
1354;636;154
1355;636;155
1356;636;156
1357;636;157
1358;636;158
1359;636;159
1360;636;160
1361;637;161
1362;637;162
1363;637;163
1364;637;164
1365;637;165
1366;637;166
1367;637;167
1368;637;168
1369;637;169
1370;637;170
1371;638;171
1372;638;172
1373;638;173
1374;638;174
1375;638;175
1376;638;176
1377;638;177
1378;638;178
1379;638;179
1380;638;180
1381;639;181
1382;639;182
1383;639;183
1384;639;184
1385;639;185
1386;639;186
1387;639;187
1388;639;188
1389;639;189
1390;639;190
1391;640;191
1392;640;192
1393;640;193
1394;640;194
1395;640;195
1396;640;196
1397;640;197
1398;640;198
1399;640;199
1400;640;200
1401;641;201
1402;641;202
1403;641;203
1404;641;204
1405;641;205
1406;641;206
1407;641;207
1408;641;208
1409;641;209
1410;641;210
1411;642;211
1412;642;212
1413;642;213
1414;642;214
1415;642;215
1416;642;216
1417;642;217
1418;642;218
1419;642;219
1420;642;220
1421;643;221
1422;643;222
1423;643;223
1424;643;224
1425;643;225
1426;643;226
1427;643;227
1428;643;228
1429;643;229
1430;643;230
1431;644;231
1432;644;232
1433;644;233
1434;644;234
1435;644;235
1436;644;236
1437;644;237
1438;644;238
1439;644;239
1440;644;240
1441;645;241
1442;645;242
1443;645;243
1444;645;244
1445;645;245
1446;645;246
1447;645;247
1448;645;248
1449;645;249
1450;645;250
1451;646;251
1452;646;252
1453;646;253
1454;646;254
1455;646;255
1456;646;256
1457;646;257
1458;646;258
1459;646;259
1460;646;260
1461;647;261
1462;647;262
1463;647;263
1464;647;264
1465;647;265
1466;647;266
1467;647;267
1468;647;268
1469;647;269
1470;647;270
1471;648;271
1472;648;272
1473;648;273
1474;648;274
1475;648;275
1476;648;276
1477;648;277
1478;648;278
1479;648;279
1480;648;280
1481;649;281
1482;649;282
1483;649;283
1484;649;284
1485;649;285
1486;649;286
1487;649;287
1488;649;288
1489;649;289
1490;649;290
1491;650;291
1492;650;292
1493;650;293
1494;650;294
1495;650;295
1496;650;296
1497;650;297
1498;650;298
1499;650;299
1500;650;300
1501;651;301
1502;651;302
1503;651;303
1504;651;304
1505;651;305
1506;651;306
1507;651;307
1508;651;308
1509;651;309
1510;651;310
1511;652;311
1512;652;312
1513;652;313
1514;652;314
1515;652;315
1516;652;316
1517;652;317
1518;652;318
1519;652;319
1520;652;320
1521;653;321
1522;653;322
1523;653;323
1524;653;324
1525;653;325
1526;653;326
1527;653;327
1528;653;328
1529;653;329
1530;653;330
1531;654;331
1532;654;332
1533;654;333
1534;654;334
1535;654;335
1536;654;336
1537;654;337
1538;654;338
1539;654;339
1540;654;340
1541;655;341
1542;655;342
1543;655;343
1544;655;344
1545;655;345
1546;655;346
1547;655;347
1548;655;348
1549;655;349
1550;655;350
1551;656;351
1552;656;352
1553;656;353
1554;656;354
1555;656;355
1556;656;356
1557;656;357
1558;656;358
1559;656;359
1560;656;360
1561;657;361
1562;657;362
1563;657;363
1564;657;364
1565;657;365
1566;657;366
1567;657;367
1568;657;368
1569;657;369
1570;657;370
1571;658;371
1572;658;372
1573;658;373
1574;658;374
1575;658;375
1576;658;376
1577;658;377
1578;658;378
1579;658;379
1580;658;380
1581;659;381
1582;659;382
1583;659;383
1584;659;384
1585;659;385
1586;659;386
1587;659;387
1588;659;388
1589;659;389
1590;659;390
1591;660;391
1592;660;392
1593;660;393
1594;660;394
1595;660;395
1596;660;396
1597;660;397
1598;660;398
1599;660;399
1600;660;400
1601;661;401
1602;661;402
1603;661;403
1604;661;404
1605;661;405
1606;661;406
1607;661;407
1608;661;408
1609;661;409
1610;661;410
1611;662;411
1612;662;412
1613;662;413
1614;662;414
1615;662;415
1616;662;416
1617;662;417
1618;662;418
1619;662;419
1620;662;420
1621;663;421
1622;663;422
1623;663;423
1624;663;424
1625;663;425
1626;663;426
1627;663;427
1628;663;428
1629;663;429
1630;663;430
1631;664;431
1632;664;432
1633;664;433
1634;664;434
1635;664;435
1636;664;436
1637;664;437
1638;664;438
1639;664;439
1640;664;440
1641;665;441
1642;665;442
1643;665;443
1644;665;444
1645;665;445
1646;665;446
1647;665;447
1648;665;448
1649;665;449
1650;665;450
1651;666;451
1652;666;452
1653;666;453
1654;666;454
1655;666;455
1656;666;456
1657;666;457
1658;666;458
1659;666;459
1660;666;460
1661;667;461
1662;667;462
1663;667;463
1664;667;464
1665;667;465
1666;667;466
1667;667;467
1668;667;468
1669;667;469
1670;667;470
1671;668;471
1672;668;472
1673;668;473
1674;668;474
1675;668;475
1676;668;476
1677;668;477
1678;668;478
1679;668;479
1680;668;480
1681;669;481
1682;669;482
1683;669;483
1684;669;484
1685;669;485
1686;669;486
1687;669;487
1688;669;488
1689;669;489
1690;669;490
1691;670;491
1692;670;492
1693;670;493
1694;670;494
1695;670;495
1696;670;496
1697;670;497
1698;670;498
1699;670;499
1700;670;500
1701;671;501
1702;671;502
1703;671;503
1704;671;504
1705;671;505
1706;671;506
1707;671;507
1708;671;508
1709;671;509
1710;671;510
1711;672;511
1712;672;512
1713;672;513
1714;672;514
1715;672;515
1716;672;516
1717;672;517
1718;672;518
1719;672;519
1720;672;520
1721;673;521
1722;673;522
1723;673;523
1724;673;524
1725;673;525
1726;673;526
1727;673;527
1728;673;528
1729;673;529
1730;673;530
1731;674;531
1732;674;532
1733;674;533
1734;674;534
1735;674;535
1736;674;536
1737;674;537
1738;674;538
1739;674;539
1740;674;540
1741;675;541
1742;675;542
1743;675;543
1744;675;544
1745;675;545
1746;675;546
1747;675;547
1748;675;548
1749;675;549
1750;675;550
1751;676;551
1752;676;552
1753;676;553
1754;676;554
1755;676;555
1756;676;556
1757;676;557
1758;676;558
1759;676;559
1760;676;560
1761;677;561
1762;677;562
1763;677;563
1764;677;564
1765;677;565
1766;677;566
1767;677;567
1768;677;568
1769;677;569
1770;677;570
1771;678;571
1772;678;572
1773;678;573
1774;678;574
1775;678;575
1776;678;576
1777;678;577
1778;678;578
1779;678;579
1780;678;580
1781;679;581
1782;679;582
1783;679;583
1784;679;584
1785;679;585
1786;679;586
1787;679;587
1788;679;588
1789;679;589
1790;679;590
1791;680;591
1792;680;592
1793;680;593
1794;680;594
1795;680;595
1796;680;596
1797;680;597
1798;680;598
1799;680;599
1800;680;600
1801;681;1
1802;681;2
1803;681;3
1804;681;4
1805;681;5
1806;681;6
1807;681;7
1808;681;8
1809;681;9
1810;681;10
1811;682;11
1812;682;12
1813;682;13
1814;682;14
1815;682;15
1816;682;16
1817;682;17
1818;682;18
1819;682;19
1820;682;20
1821;683;21
1822;683;22
1823;683;23
1824;683;24
1825;683;25
1826;683;26
1827;683;27
1828;683;28
1829;683;29
1830;683;30
1831;684;31
1832;684;32
1833;684;33
1834;684;34
1835;684;35
1836;684;36
1837;684;37
1838;684;38
1839;684;39
1840;684;40
1841;685;41
1842;685;42
1843;685;43
1844;685;44
1845;685;45
1846;685;46
1847;685;47
1848;685;48
1849;685;49
1850;685;50
1851;686;51
1852;686;52
1853;686;53
1854;686;54
1855;686;55
1856;686;56
1857;686;57
1858;686;58
1859;686;59
1860;686;60
1861;687;61
1862;687;62
1863;687;63
1864;687;64
1865;687;65
1866;687;66
1867;687;67
1868;687;68
1869;687;69
1870;687;70
1871;688;71
1872;688;72
1873;688;73
1874;688;74
1875;688;75
1876;688;76
1877;688;77
1878;688;78
1879;688;79
1880;688;80
1881;689;81
1882;689;82
1883;689;83
1884;689;84
1885;689;85
1886;689;86
1887;689;87
1888;689;88
1889;689;89
1890;689;90
1891;690;91
1892;690;92
1893;690;93
1894;690;94
1895;690;95
1896;690;96
1897;690;97
1898;690;98
1899;690;99
1900;690;100
1901;691;101
1902;691;102
1903;691;103
1904;691;104
1905;691;105
1906;691;106
1907;691;107
1908;691;108
1909;691;109
1910;691;110
1911;692;111
1912;692;112
1913;692;113
1914;692;114
1915;692;115
1916;692;116
1917;692;117
1918;692;118
1919;692;119
1920;692;120
1921;693;121
1922;693;122
1923;693;123
1924;693;124
1925;693;125
1926;693;126
1927;693;127
1928;693;128
1929;693;129
1930;693;130
1931;694;131
1932;694;132
1933;694;133
1934;694;134
1935;694;135
1936;694;136
1937;694;137
1938;694;138
1939;694;139
1940;694;140
1941;695;141
1942;695;142
1943;695;143
1944;695;144
1945;695;145
1946;695;146
1947;695;147
1948;695;148
1949;695;149
1950;695;150
1951;696;151
1952;696;152
1953;696;153
1954;696;154
1955;696;155
1956;696;156
1957;696;157
1958;696;158
1959;696;159
1960;696;160
1961;697;161
1962;697;162
1963;697;163
1964;697;164
1965;697;165
1966;697;166
1967;697;167
1968;697;168
1969;697;169
1970;697;170
1971;698;171
1972;698;172
1973;698;173
1974;698;174
1975;698;175
1976;698;176
1977;698;177
1978;698;178
1979;698;179
1980;698;180
1981;699;181
1982;699;182
1983;699;183
1984;699;184
1985;699;185
1986;699;186
1987;699;187
1988;699;188
1989;699;189
1990;699;190
1991;700;191
1992;700;192
1993;700;193
1994;700;194
1995;700;195
1996;700;196
1997;700;197
1998;700;198
1999;700;199
2000;700;200
2001;701;201
2002;701;202
2003;701;203
2004;701;204
2005;701;205
2006;701;206
2007;701;207
2008;701;208
2009;701;209
2010;701;210
2011;702;211
2012;702;212
2013;702;213
2014;702;214
2015;702;215
2016;702;216
2017;702;217
2018;702;218
2019;702;219
2020;702;220
2021;703;221
2022;703;222
2023;703;223
2024;703;224
2025;703;225
2026;703;226
2027;703;227
2028;703;228
2029;703;229
2030;703;230
2031;704;231
2032;704;232
2033;704;233
2034;704;234
2035;704;235
2036;704;236
2037;704;237
2038;704;238
2039;704;239
2040;704;240
2041;705;241
2042;705;242
2043;705;243
2044;705;244
2045;705;245
2046;705;246
2047;705;247
2048;705;248
2049;705;249
2050;705;250
2051;706;251
2052;706;252
2053;706;253
2054;706;254
2055;706;255
2056;706;256
2057;706;257
2058;706;258
2059;706;259
2060;706;260
2061;707;261
2062;707;262
2063;707;263
2064;707;264
2065;707;265
2066;707;266
2067;707;267
2068;707;268
2069;707;269
2070;707;270
2071;708;271
2072;708;272
2073;708;273
2074;708;274
2075;708;275
2076;708;276
2077;708;277
2078;708;278
2079;708;279
2080;708;280
2081;709;281
2082;709;282
2083;709;283
2084;709;284
2085;709;285
2086;709;286
2087;709;287
2088;709;288
2089;709;289
2090;709;290
2091;710;291
2092;710;292
2093;710;293
2094;710;294
2095;710;295
2096;710;296
2097;710;297
2098;710;298
2099;710;299
2100;710;300
2101;711;301
2102;711;302
2103;711;303
2104;711;304
2105;711;305
2106;711;306
2107;711;307
2108;711;308
2109;711;309
2110;711;310
2111;712;311
2112;712;312
2113;712;313
2114;712;314
2115;712;315
2116;712;316
2117;712;317
2118;712;318
2119;712;319
2120;712;320
2121;713;321
2122;713;322
2123;713;323
2124;713;324
2125;713;325
2126;713;326
2127;713;327
2128;713;328
2129;713;329
2130;713;330
2131;714;331
2132;714;332
2133;714;333
2134;714;334
2135;714;335
2136;714;336
2137;714;337
2138;714;338
2139;714;339
2140;714;340
2141;715;341
2142;715;342
2143;715;343
2144;715;344
2145;715;345
2146;715;346
2147;715;347
2148;715;348
2149;715;349
2150;715;350
2151;716;351
2152;716;352
2153;716;353
2154;716;354
2155;716;355
2156;716;356
2157;716;357
2158;716;358
2159;716;359
2160;716;360
2161;717;361
2162;717;362
2163;717;363
2164;717;364
2165;717;365
2166;717;366
2167;717;367
2168;717;368
2169;717;369
2170;717;370
2171;718;371
2172;718;372
2173;718;373
2174;718;374
2175;718;375
2176;718;376
2177;718;377
2178;718;378
2179;718;379
2180;718;380
2181;719;381
2182;719;382
2183;719;383
2184;719;384
2185;719;385
2186;719;386
2187;719;387
2188;719;388
2189;719;389
2190;719;390
2191;720;391
2192;720;392
2193;720;393
2194;720;394
2195;720;395
2196;720;396
2197;720;397
2198;720;398
2199;720;399
2200;720;400
2201;721;401
2202;721;402
2203;721;403
2204;721;404
2205;721;405
2206;721;406
2207;721;407
2208;721;408
2209;721;409
2210;721;410
2211;722;411
2212;722;412
2213;722;413
2214;722;414
2215;722;415
2216;722;416
2217;722;417
2218;722;418
2219;722;419
2220;722;420
2221;723;421
2222;723;422
2223;723;423
2224;723;424
2225;723;425
2226;723;426
2227;723;427
2228;723;428
2229;723;429
2230;723;430
2231;724;431
2232;724;432
2233;724;433
2234;724;434
2235;724;435
2236;724;436
2237;724;437
2238;724;438
2239;724;439
2240;724;440
2241;725;441
2242;725;442
2243;725;443
2244;725;444
2245;725;445
2246;725;446
2247;725;447
2248;725;448
2249;725;449
2250;725;450
2251;726;451
2252;726;452
2253;726;453
2254;726;454
2255;726;455
2256;726;456
2257;726;457
2258;726;458
2259;726;459
2260;726;460
2261;727;461
2262;727;462
2263;727;463
2264;727;464
2265;727;465
2266;727;466
2267;727;467
2268;727;468
2269;727;469
2270;727;470
2271;728;471
2272;728;472
2273;728;473
2274;728;474
2275;728;475
2276;728;476
2277;728;477
2278;728;478
2279;728;479
2280;728;480
2281;729;481
2282;729;482
2283;729;483
2284;729;484
2285;729;485
2286;729;486
2287;729;487
2288;729;488
2289;729;489
2290;729;490
2291;730;491
2292;730;492
2293;730;493
2294;730;494
2295;730;495
2296;730;496
2297;730;497
2298;730;498
2299;730;499
2300;730;500
2301;731;501
2302;731;502
2303;731;503
2304;731;504
2305;731;505
2306;731;506
2307;731;507
2308;731;508
2309;731;509
2310;731;510
2311;732;511
2312;732;512
2313;732;513
2314;732;514
2315;732;515
2316;732;516
2317;732;517
2318;732;518
2319;732;519
2320;732;520
2321;733;521
2322;733;522
2323;733;523
2324;733;524
2325;733;525
2326;733;526
2327;733;527
2328;733;528
2329;733;529
2330;733;530
2331;734;531
2332;734;532
2333;734;533
2334;734;534
2335;734;535
2336;734;536
2337;734;537
2338;734;538
2339;734;539
2340;734;540
2341;735;541
2342;735;542
2343;735;543
2344;735;544
2345;735;545
2346;735;546
2347;735;547
2348;735;548
2349;735;549
2350;735;550
2351;736;551
2352;736;552
2353;736;553
2354;736;554
2355;736;555
2356;736;556
2357;736;557
2358;736;558
2359;736;559
2360;736;560
2361;737;561
2362;737;562
2363;737;563
2364;737;564
2365;737;565
2366;737;566
2367;737;567
2368;737;568
2369;737;569
2370;737;570
2371;738;571
2372;738;572
2373;738;573
2374;738;574
2375;738;575
2376;738;576
2377;738;577
2378;738;578
2379;738;579
2380;738;580
2381;739;581
2382;739;582
2383;739;583
2384;739;584
2385;739;585
2386;739;586
2387;739;587
2388;739;588
2389;739;589
2390;739;590
2391;740;591
2392;740;592
2393;740;593
2394;740;594
2395;740;595
2396;740;596
2397;740;597
2398;740;598
2399;740;599
2400;740;600
2401;741;1
2402;741;2
2403;741;3
2404;741;4
2405;741;5
2406;741;6
2407;741;7
2408;741;8
2409;741;9
2410;741;10
2411;742;11
2412;742;12
2413;742;13
2414;742;14
2415;742;15
2416;742;16
2417;742;17
2418;742;18
2419;742;19
2420;742;20
2421;743;21
2422;743;22
2423;743;23
2424;743;24
2425;743;25
2426;743;26
2427;743;27
2428;743;28
2429;743;29
2430;743;30
2431;744;31
2432;744;32
2433;744;33
2434;744;34
2435;744;35
2436;744;36
2437;744;37
2438;744;38
2439;744;39
2440;744;40
2441;745;41
2442;745;42
2443;745;43
2444;745;44
2445;745;45
2446;745;46
2447;745;47
2448;745;48
2449;745;49
2450;745;50
2451;746;51
2452;746;52
2453;746;53
2454;746;54
2455;746;55
2456;746;56
2457;746;57
2458;746;58
2459;746;59
2460;746;60
2461;747;61
2462;747;62
2463;747;63
2464;747;64
2465;747;65
2466;747;66
2467;747;67
2468;747;68
2469;747;69
2470;747;70
2471;748;71
2472;748;72
2473;748;73
2474;748;74
2475;748;75
2476;748;76
2477;748;77
2478;748;78
2479;748;79
2480;748;80
2481;749;81
2482;749;82
2483;749;83
2484;749;84
2485;749;85
2486;749;86
2487;749;87
2488;749;88
2489;749;89
2490;749;90
2491;750;91
2492;750;92
2493;750;93
2494;750;94
2495;750;95
2496;750;96
2497;750;97
2498;750;98
2499;750;99
2500;750;100
2501;751;101
2502;751;102
2503;751;103
2504;751;104
2505;751;105
2506;751;106
2507;751;107
2508;751;108
2509;751;109
2510;751;110
2511;752;111
2512;752;112
2513;752;113
2514;752;114
2515;752;115
2516;752;116
2517;752;117
2518;752;118
2519;752;119
2520;752;120
2521;753;121
2522;753;122
2523;753;123
2524;753;124
2525;753;125
2526;753;126
2527;753;127
2528;753;128
2529;753;129
2530;753;130
2531;754;131
2532;754;132
2533;754;133
2534;754;134
2535;754;135
2536;754;136
2537;754;137
2538;754;138
2539;754;139
2540;754;140
2541;755;141
2542;755;142
2543;755;143
2544;755;144
2545;755;145
2546;755;146
2547;755;147
2548;755;148
2549;755;149
2550;755;150
2551;756;151
2552;756;152
2553;756;153
2554;756;154
2555;756;155
2556;756;156
2557;756;157
2558;756;158
2559;756;159
2560;756;160
2561;757;161
2562;757;162
2563;757;163
2564;757;164
2565;757;165
2566;757;166
2567;757;167
2568;757;168
2569;757;169
2570;757;170
2571;758;171
2572;758;172
2573;758;173
2574;758;174
2575;758;175
2576;758;176
2577;758;177
2578;758;178
2579;758;179
2580;758;180
2581;759;181
2582;759;182
2583;759;183
2584;759;184
2585;759;185
2586;759;186
2587;759;187
2588;759;188
2589;759;189
2590;759;190
2591;760;191
2592;760;192
2593;760;193
2594;760;194
2595;760;195
2596;760;196
2597;760;197
2598;760;198
2599;760;199
2600;760;200
2601;761;201
2602;761;202
2603;761;203
2604;761;204
2605;761;205
2606;761;206
2607;761;207
2608;761;208
2609;761;209
2610;761;210
2611;762;211
2612;762;212
2613;762;213
2614;762;214
2615;762;215
2616;762;216
2617;762;217
2618;762;218
2619;762;219
2620;762;220
2621;763;221
2622;763;222
2623;763;223
2624;763;224
2625;763;225
2626;763;226
2627;763;227
2628;763;228
2629;763;229
2630;763;230
2631;764;231
2632;764;232
2633;764;233
2634;764;234
2635;764;235
2636;764;236
2637;764;237
2638;764;238
2639;764;239
2640;764;240
2641;765;241
2642;765;242
2643;765;243
2644;765;244
2645;765;245
2646;765;246
2647;765;247
2648;765;248
2649;765;249
2650;765;250
2651;766;251
2652;766;252
2653;766;253
2654;766;254
2655;766;255
2656;766;256
2657;766;257
2658;766;258
2659;766;259
2660;766;260
2661;767;261
2662;767;262
2663;767;263
2664;767;264
2665;767;265
2666;767;266
2667;767;267
2668;767;268
2669;767;269
2670;767;270
2671;768;271
2672;768;272
2673;768;273
2674;768;274
2675;768;275
2676;768;276
2677;768;277
2678;768;278
2679;768;279
2680;768;280
2681;769;281
2682;769;282
2683;769;283
2684;769;284
2685;769;285
2686;769;286
2687;769;287
2688;769;288
2689;769;289
2690;769;290
2691;770;291
2692;770;292
2693;770;293
2694;770;294
2695;770;295
2696;770;296
2697;770;297
2698;770;298
2699;770;299
2700;770;300
2701;771;301
2702;771;302
2703;771;303
2704;771;304
2705;771;305
2706;771;306
2707;771;307
2708;771;308
2709;771;309
2710;771;310
2711;772;311
2712;772;312
2713;772;313
2714;772;314
2715;772;315
2716;772;316
2717;772;317
2718;772;318
2719;772;319
2720;772;320
2721;773;321
2722;773;322
2723;773;323
2724;773;324
2725;773;325
2726;773;326
2727;773;327
2728;773;328
2729;773;329
2730;773;330
2731;774;331
2732;774;332
2733;774;333
2734;774;334
2735;774;335
2736;774;336
2737;774;337
2738;774;338
2739;774;339
2740;774;340
2741;775;341
2742;775;342
2743;775;343
2744;775;344
2745;775;345
2746;775;346
2747;775;347
2748;775;348
2749;775;349
2750;775;350
2751;776;1
2752;777;2
2753;778;3
2754;779;4
2755;780;5
2756;781;6
2757;782;7
2758;783;8
2759;784;9
2760;785;10
2761;786;11
2762;787;12
2763;788;13
2764;789;14
2765;790;15
2766;791;16
2767;792;17
2768;793;18
2769;794;19
2770;795;20
2771;796;21
2772;797;22
2773;798;23
2774;799;24
2775;800;25
2776;801;26
2777;802;27
2778;803;28
2779;804;29
2780;805;30
2781;806;31
2782;807;32
2783;808;33
2784;809;34
2785;810;35
2786;811;36
2787;812;37
2788;813;38
2789;814;39
2790;815;40
2791;816;41
2792;817;42
2793;818;43
2794;819;44
2795;820;45
2796;821;46
2797;822;47
2798;823;48
2799;824;49
2800;825;50
2801;826;51
2802;827;52
2803;828;53
2804;829;54
2805;830;55
2806;831;56
2807;832;57
2808;833;58
2809;834;59
2810;835;60
2811;836;61
2812;837;62
2813;838;63
2814;839;64
2815;840;65
2816;841;66
2817;842;67
2818;843;68
2819;844;69
2820;845;70
2821;846;71
2822;847;72
2823;848;73
2824;849;74
2825;850;75
2826;851;76
2827;852;77
2828;853;78
2829;854;79
2830;855;80
2831;856;81
2832;857;82
2833;858;83
2834;859;84
2835;860;85
2836;861;86
2837;862;87
2838;863;88
2839;864;89
2840;865;90
2841;866;91
2842;867;92
2843;868;93
2844;869;94
2845;870;95
2846;871;96
2847;872;97
2848;873;98
2849;874;99
2850;875;100
2851;876;101
2852;877;102
2853;878;103
2854;879;104
2855;880;105
2856;881;106
2857;882;107
2858;883;108
2859;884;109
2860;885;110
2861;886;111
2862;887;112
2863;888;113
2864;889;114
2865;890;115
2866;891;116
2867;892;117
2868;893;118
2869;894;119
2870;895;120
2871;896;121
2872;897;122
2873;898;123
2874;899;124
2875;900;125
2876;901;126
2877;902;127
2878;903;128
2879;904;129
2880;905;130
2881;906;131
2882;907;132
2883;908;133
2884;909;134
2885;910;135
2886;911;136
2887;912;137
2888;913;138
2889;914;139
2890;915;140
2891;916;141
2892;917;142
2893;918;143
2894;919;144
2895;920;145
2896;921;146
2897;922;147
2898;923;148
2899;924;149
2900;925;150
2901;926;151
2902;927;152
2903;928;153
2904;929;154
2905;930;155
2906;931;156
2907;932;157
2908;933;158
2909;934;159
2910;935;160
2911;936;161
2912;937;162
2913;938;163
2914;939;164
2915;940;165
2916;941;166
2917;942;167
2918;943;168
2919;944;169
2920;945;170
2921;946;171
2922;947;172
2923;948;173
2924;949;174
2925;950;175
2926;951;176
2927;952;177
2928;953;178
2929;954;179
2930;955;180
2931;956;181
2932;957;182
2933;958;183
2934;959;184
2935;960;185
2936;961;186
2937;962;187
2938;963;188
2939;964;189
2940;965;190
2941;966;191
2942;967;192
2943;968;193
2944;969;194
2945;970;195
2946;971;196
2947;972;197
2948;973;198
2949;974;199
2950;975;200
2951;976;201
2952;977;202
2953;978;203
2954;979;204
2955;980;205
2956;981;206
2957;982;207
2958;983;208
2959;984;209
2960;985;210
2961;986;211
2962;987;212
2963;988;213
2964;989;214
2965;990;215
2966;991;216
2967;992;217
2968;993;218
2969;994;219
2970;995;220
2971;996;221
2972;997;222
2973;998;223
2974;999;224
2975;1000;225
